-0,18695014662756826; 0,21755920852359217
-0,13592375366569165; 0,21909528158295288
-0,0976539589442833; 0,22071963470319644
-0,046627565982406693; 0,22237929984779303
-0,03642228739003173; 0,21710368340943687
0,014604105571844883; 0,22422258751902596
0,014604105571844883; 0,2191376560121766
0,055425219941346526; 0,2260870624048707
0,055425219941346526; 0,22100213089802134
0,11920821114369318; 0,22725235920852366
0,11920821114369318; 0,22216742770167436
0,09624633431084995; 0,21697656012176564
0,1702346041055698; 0,22884140030441408
0,1676832844574747; 0,22481582952815837
0,15747800586510152; 0,22333272450532732
0,1676832844574747; 0,21973089802130902
0,10645161290322314; 0,2184596651445967
0,2212609970674464; 0,23032450532724513
0,272287390029323; 0,2319135464231355
0,272287390029323; 0,2268286149162862
0,25953079178885474; 0,222061491628615
0,3233137829911996; 0,23350258751902592
0,3233137829911996; 0,22841765601217662
0,3233137829911996; 0,22555738203957387
0,31055718475073135; 0,22403896499238968
0,25953079178885474; 0,2231208523592086
0,25953079178885474; 0,22079025875190267
0,374340175953078; 0,2351975646879757
0,374340175953078; 0,2301126331811264
0,4253665689149546; 0,23668066971080676
0,4253665689149546; 0,23159573820395746
0,4763929618768312; 0,23826971080669718
0,4763929618768312; 0,23318477929984788
0,4636363636363612; 0,22841765601217662
0,4381231671554229; 0,22704048706240493
0,41260997067448457; 0,22587519025875197
0,5274193548387078; 0,2398587519025876
0,5274193548387078; 0,23477382039573824
0,4891495601172995; 0,22968888888888894
0,5784457478005844; 0,24155372907153733
0,5784457478005844; 0,23646879756468803
0,5486803519061567; 0,23110136986301377
0,629472140762461; 0,2432487062404871
0,629472140762461; 0,2381637747336378
0,6167155425219928; 0,2330258751902588
0,6804985337243377; 0,24473181126331817
0,6804985337243377; 0,23964687975646887
0,6677419354838694; 0,23491506849315075
0,7315249266862143; 0,2463208523592086
0,7315249266862143; 0,2412359208523593
0,718768328445746; 0,23646879756468803
0,7825513196480927; 0,247909893455099
0,7825513196480927; 0,24282496194824965
0,7442815249266843; 0,23774003044140035
0,8335777126099675; 0,2496048706240488
0,8335777126099675; 0,24451993911719944
0,8038123167155415; 0,23915251141552518
0,8846041055718441; 0,2510879756468798
0,8846041055718441; 0,2460030441400305
0,8718475073313758; 0,24102404870624056
0,9356304985337207; 0,2526770167427702
0,9356304985337207; 0,2475920852359209
0,9228739002932524; 0,24282496194824965
0,9866568914956009; 0,25426605783866063
0,9866568914956009; 0,24918112633181133
0,9483870967741925; 0,24409619482496203
1,0376832844574775; 0,2559610350076104
1,0376832844574775; 0,2508761035007611
1,007917888563048; 0,2455086757990868
1,088709677419354; 0,25744414003044147
1,088709677419354; 0,25235920852359217
1,0759530791788823; 0,24738021308980218
1,1397360703812307; 0,2590331811263319
1,1397360703812307; 0,25394824961948254
1,1269794721407589; 0,24918112633181133
1,1907624633431073; 0,26062222222222226
1,1907624633431073; 0,25553729071537296
1,152492668621699; 0,25045235920852366
1,241788856304984; 0,26231719939117204
1,241788856304984; 0,25723226788432274
1,212023460410558; 0,2518648401826485
1,2928152492668605; 0,2640121765601218
1,2928152492668605; 0,2589272450532725
1,2800586510263923; 0,2537893455098935
1,3438416422287371; 0,2654952815829529
1,3438416422287371; 0,2604103500761036
1,3310850439882689; 0,25567853881278546
1,3948680351906138; 0,2670843226788433
1,3948680351906138; 0,26199939117199395
1,3821114369501455; 0,25723226788432274
1,4458944281524904; 0,2686733637747337
1,4458944281524904; 0,26358843226788436
1,407624633431082; 0,25850350076103507
1,496920821114367; 0,27036834094368345
1,496920821114367; 0,26528340943683415
1,467155425219941; 0,2599159817351599
1,5479472140762436; 0,2718514459665145
1,5479472140762436; 0,2667665144596652
1,5351906158357753; 0,26178751902587527
1,5989736070381202; 0,2734404870624049
1,5989736070381202; 0,2683555555555556
1,586217008797652; 0,26358843226788436
1,6499999999999968; 0,27502952815829534
1,6499999999999968; 0,26994459665144604
1,611730205278592; 0,2648596651445967
1,7010263929618734; 0,2765126331811264
1,7010263929618734; 0,2714277016742771
1,6882697947214051; 0,2665016742770168
1,75205278592375; 0,2781016742770168
1,75205278592375; 0,27301674277016746
1,7392961876832818; 0,26824961948249626
1,8030791788856302; 0,2796907153729072
1,8030791788856302; 0,2746057838660579
1,7648093841642218; 0,2695208523592086
1,8541055718475068; 0,28117382039573824
1,8541055718475068; 0,27608888888888894
1,841348973607035; 0,27116286149162866
1,9051319648093834; 0,28276286149162866
1,9051319648093834; 0,27767792998477936
1,8923753665689116; 0,2729814307458143
1,95615835777126; 0,2843519025875191
1,95615835777126; 0,2792669710806698
1,9178885630498517; 0,2741820395738205
2,0071847507331366; 0,28583500761035013
2,0071847507331366; 0,28075007610350083
1,9944281524926684; 0,27582404870624055
2,0582111436950132; 0,28742404870624055
2,0582111436950132; 0,28233911719939125
2,045454545454545; 0,2776426179604262
2,10923753665689; 0,28880121765601224
2,10923753665689; 0,28371628614916294
2,0964809384164216; 0,27905509893455105
2,1602639296187665; 0,29039025875190266
2,1602639296187665; 0,2853053272450533
2,147507331378298; 0,28060882800608833
2,211290322580643; 0,29197929984779303
2,211290322580643; 0,28689436834094373
2,1730205278592347; 0,28180943683409443
2,2623167155425197; 0,2934624048706241
2,2623167155425197; 0,2883774733637748
2,2495601173020514; 0,2835044140030442
2,3133431085043963; 0,2950514459665145
2,3133431085043963; 0,2899665144596652
2,300586510263928; 0,28527001522070017
2,3516129032258046; 0,2965698630136987
2,3516129032258046; 0,2914849315068494
2,3260997067448645; 0,2864706240487063
2,4128445747800544; 0,298123592085236
2,4128445747800544; 0,2930386605783867
2,4026392961876812; 0,28832450532724513
2,453665689149558; 0,3003482496194826
2,453665689149558; 0,29526331811263323
2,453665689149558; 0,2902843226788433
2,5684750733137793; 0,3026788432267885
2,555718475073311; 0,30123105022831054
2,5684750733137793; 0,2988651445966515
2,555718475073311; 0,2974173515981736
2,555718475073311; 0,29614611872146124
2,5684750733137793; 0,29388614916286154
2,5302052785923745; 0,2926149162861492
2,5046920821114345; 0,2913436834094369
2,6195014662756595; 0,3040560121765602
2,6237536656891454; 0,3001010654490107
2,6067448680351877; 0,2953692541856926
2,670527859237536; 0,3056450532724506
2,7215542521994127; 0,3070222222222223
2,7190029325513176; 0,301767792998478
2,708797653958941; 0,298123592085236
2,6832844574780044; 0,2966404870624049
2,7725806451612893; 0,3086112633181127
2,7725806451612893; 0,3035263318112634
2,7725806451612893; 0,2998185692541857
2,823607038123166; 0,3099884322678844
2,823607038123166; 0,30490350076103506
2,8746334310850425; 0,3115774733637748
2,8746334310850425; 0,3064925418569255
2,8448680351906166; 0,30123105022831054
2,925659824046919; 0,31295464231354647
2,925659824046919; 0,30786971080669717
2,887390029325511; 0,30299665144596655
2,9639296187683275; 0,31464961948249626
2,9639296187683275; 0,30956468797564696
2,9384164222873874; 0,30447975646879766
3,0277126099706724; 0,3158149162861492
3,0277126099706724; 0,3107299847792999
2,989442815249264; 0,30585692541856935
3,078739002932549; 0,3171920852359209
3,076187683284454; 0,313208888888889
3,0659824046920807; 0,31168340943683415
3,0659824046920807; 0,3083464231354643
3,014956011730204; 0,3070222222222223
3,1297653958944256; 0,3187811263318113
3,180791788856302; 0,320158295281583
3,178240469208207; 0,3149038660578387
3,142521994134894; 0,3102003044140031
3,2190615835777106; 0,32185327245053275
3,2190615835777106; 0,31676834094368345
3,2190615835777106; 0,3130252663622527
3,1935483870967705; 0,3117893455098935
3,2828445747800554; 0,3230185692541857
3,2828445747800554; 0,3179336377473364
3,333870967741932; 0,3243957382039574
3,3313196480938405; 0,32041254185692547
3,3211143695014638; 0,31888706240487064
3,3211143695014638; 0,3156030441400305
3,270087976539587; 0,3142258751902588
3,3721407624633404; 0,32609071537290724
3,435923753665689; 0,3272560121765602
3,435923753665689; 0,3221710806697109
3,3976539589442805; 0,31740395738203964
3,4869501466275654; 0,3286331811263319
3,4843988269794703; 0,3246499847792999
3,4741935483870936; 0,3231245053272451
3,4869501466275654; 0,3207409436834095
3,448680351906157; 0,3194167427701675
3,423167155425217; 0,31846331811263323
3,52521994134897; 0,3303281582952816
3,5890029325513186; 0,3314934550989346
3,5890029325513186; 0,3264085235920853
3,6400293255131952; 0,33287062404870627
3,6374780058651; 0,32888742770167434
3,627272727272727; 0,3273619482496195
3,6400293255131952; 0,32497838660578393
3,601759530791787; 0,3236541856925419
3,576246334310847; 0,3222770167427702
3,6782991202346036; 0,3345656012176561
3,72932551319648; 0,3358368340943684
3,72932551319648; 0,3307519025875191
3,793108504398825; 0,33700213089802133
3,793108504398825; 0,3331884322678844
3,780351906158357; 0,33174063926940645
3,793108504398825; 0,32948066971080675
3,763343108504399; 0,3279269406392694
3,72932551319648; 0,32651445966514464
3,8441348973607017; 0,338379299847793
3,8441348973607017; 0,3345656012176561
3,88240469208211; 0,3400742770167428
3,9334310850439866; 0,34134550989345513
3,9334310850439866; 0,33626057838660584
3,9334310850439866; 0,3323409436834095
3,88240469208211; 0,3307519025875191
3,9844574780058633; 0,3426167427701675
3,9844574780058633; 0,3388030441400305
3,9844574780058633; 0,33753181126331816
3,9844574780058633; 0,3349893455098935
3,958944281524923; 0,3337181126331812
4,03548387096774; 0,3438879756468798
4,03548387096774; 0,3400742770167428
4,099266862170085; 0,34505327245053274
4,099266862170085; 0,3412395738203958
4,0865102639296165; 0,33654307458143085
4,150293255131961; 0,34643044140030443
4,150293255131961; 0,3426167427701675
4,14774193548387; 0,33871829528158304
4,0865102639296165; 0,33753181126331816
4,18856304985337; 0,3481254185692543
4,239589442815246; 0,34939665144596654
4,239589442815246; 0,34431171993911724
4,21407624633431; 0,34049802130898027
4,290615835777123; 0,3506678843226789
4,290615835777123; 0,3468541856925419
4,290615835777123; 0,34558295281582957
4,290615835777123; 0,3430404870624049
4,265102639296186; 0,3417692541856926
4,3416422287389995; 0,3519391171993912
4,3416422287389995; 0,3481254185692543
4,392668621700876; 0,3532103500761036
4,392668621700876; 0,34939665144596654
4,36715542521994; 0,34431171993911724
4,443695014662756; 0,35448158295281584
4,443695014662756; 0,3506678843226789
4,443695014662756; 0,3468541856925419
4,418181818181816; 0,34558295281582957
4,494721407624633; 0,3557528158295282
4,494721407624633; 0,3519391171993912
4,494721407624633; 0,34819604261796044
4,5457478005865095; 0,35702404870624055
4,5457478005865095; 0,3532103500761036
4,5457478005865095; 0,3494672754946728
4,596774193548386; 0,3582952815829529
4,596774193548386; 0,35448158295281584
4,596774193548386; 0,35073850837138515
4,647800586510263; 0,3595665144596652
4,647800586510263; 0,3557528158295282
4,647800586510263; 0,3520097412480975
4,698826979472139; 0,3608377473363775
4,698826979472139; 0,35702404870624055
4,698826979472139; 0,3532809741248098
4,749853372434016; 0,36210898021308985
4,749853372434016; 0,3582952815829529
4,749853372434016; 0,3545522070015221
4,800879765395893; 0,3633802130898022
4,800879765395893; 0,3595665144596652
4,800879765395893; 0,35582343987823445
4,864662756598237; 0,36475738203957386
4,864662756598237; 0,3609436834094369
4,864662756598237; 0,3572359208523592
4,915689149560114; 0,3662404870624049
4,915689149560114; 0,36242678843226794
4,915689149560114; 0,35871902587519033
5,004985337243399; 0,368041400304414
5,004985337243399; 0,3642277016742771
5,004985337243399; 0,36030806697108075
5,056011730205276; 0,3693126331811264
5,056011730205276; 0,36677016742770174
5,056011730205276; 0,36549893455098936
5,068768328445747; 0,362744596651446
5,030498533724339; 0,36168523592085244
5,107038123167152; 0,3705838660578387
5,170821114369501; 0,3719610350076104
5,170821114369501; 0,36814733637747343
5,158064516129029; 0,3642277016742771
5,221847507331377; 0,37344414003044146
5,221847507331377; 0,36963044140030443
5,221847507331377; 0,36677016742770174
5,158064516129029; 0,36549893455098936
5,311143695014662; 0,3752450532724506
5,311143695014662; 0,3714313546423136
5,374926686217007; 0,3766222222222223
5,374926686217007; 0,37407975646879765
5,362170087976539; 0,37256133942161346
5,374926686217007; 0,3702660578386606
5,345161290322581; 0,368606392694064
5,311143695014662; 0,3671939117199392
5,425953079178884; 0,3781053272450533
5,528005865102637; 0,3800121765601218
5,528005865102637; 0,37619847792998484
5,515249266862169; 0,3746800608828007
5,515249266862169; 0,3734088280060883
5,489736070381229; 0,3722788432267885
5,464222873900292; 0,3710076103500761
5,5790322580645135; 0,38149528158295287
5,5790322580645135; 0,3786350076103501
5,566275659824045; 0,3771519025875191
5,681085043988267; 0,38340213089802133
5,642815249266862; 0,375668797564688
5,617302052785922; 0,3743975646879757
5,732111436950143; 0,38488523592085244
5,732111436950143; 0,38202496194824964
5,719354838709675; 0,38047123287671236
5,719354838709675; 0,37920000000000004
5,719354838709675; 0,3779287671232877
5,693841642228739; 0,37683409436834103
5,831612903225805; 0,3868556468797565
5,885190615835777; 0,3850971080669711
5,872434017595305; 0,383578691019787
5,872434017595305; 0,38230745814307465
5,872434017595305; 0,38110684931506855
5,846920821114368; 0,3800121765601218
5,821407624633428; 0,37884687975646886
5,933665689149558; 0,38897436834094373
5,98724340175953; 0,38721582952815836
6,0357184750733115; 0,391093089802131
6,038269794721407; 0,38583866057838667
6,025513196480935; 0,3843555555555556
5,999999999999998; 0,383296194824962
5,974486803519058; 0,38223683409436837
6,089296187683283; 0,38933455098934555
6,137771260997065; 0,39304231354642316
6,14032258064516; 0,38774550989345513
6,191348973607036; 0,39134733637747343
6,144574780058649; 0,3859799086757991
6,242375366568913; 0,3948432267884323
6,242375366568913; 0,389758295281583
6,29340175953079; 0,39632633181126337
6,29340175953079; 0,3934660578386606
6,229618768328445; 0,38795738203957386
6,344428152492666; 0,39155920852359216
6,395454545454543; 0,3982331811263319
6,331671554252198; 0,39007610350076105
6,4464809384164194; 0,39950441400304415
6,4464809384164194; 0,39664414003044146
6,433724340175951; 0,3951610350076104
6,433724340175951; 0,3938898021308981
6,433724340175951; 0,3927598173515982
6,433724340175951; 0,3917710806697109
6,545982404692081; 0,40109345509893457
6,599560117302049; 0,3991866057838661
6,586803519061581; 0,39770350076103506
6,586803519061581; 0,396502891933029
6,5612903225806445; 0,3953729071537291
6,535777126099704; 0,39431354642313554
6,648035190615834; 0,4029579299847793
6,701612903225806; 0,401199391171994
6,750087976539588; 0,4049071537290716
6,752639296187683; 0,3996633181126332
6,714369501466274; 0,3983391171993912
6,688856304985334; 0,39727975646879765
6,803665689149559; 0,4030003044140031
6,852140762463341; 0,40677162861491634
6,854692082111436; 0,40151719939117203
6,9057184750733125; 0,4050130898021309
6,841935483870964; 0,40003409436834103
6,954193548387094; 0,4087208523592086
6,956744868035189; 0,40347701674277026
7,007771260997066; 0,40681400304414006
6,943988269794721; 0,4021528158295282
7,056246334310847; 0,41041582952815836
7,058797653958942; 0,40517199391172
7,109824046920819; 0,40850898021308985
7,046041055718474; 0,40384779299847795
7,1582991202346005; 0,4121108066971081
7,1608504398826955; 0,4069199391171994
7,211876832844572; 0,41020395738203963
7,148093841642227; 0,40575464231354647
7,260351906158354; 0,4138057838660579
7,262903225806449; 0,4086149162861492
7,313929618768325; 0,41189893455098936
7,2501466275659805; 0,40744961948249625
7,3624046920821105; 0,41550076103500766
7,364956011730202; 0,41030989345509894
7,415982404692079; 0,4135939117199392
7,352199413489734; 0,409144596651446
7,464457478005864; 0,4171957382039574
7,454252199413487; 0,4121108066971081
7,518035190615835; 0,41528888888888893
7,454252199413487; 0,4108395738203958
7,566510263929617; 0,41889071537290723
7,55630498533724; 0,4138057838660579
7,620087976539589; 0,4169838660578387
7,66856304985337; 0,42058569254185696
7,658357771260993; 0,41550076103500766
7,7093841642228735; 0,4187494672754947
7,76041055718475; 0,4221747336377474
7,76041055718475; 0,4171957382039574
7,821642228739; 0,4201619482496195
7,872668621700877; 0,42355190258751907
7,862463343108503; 0,4186082191780822
7,926246334310848; 0,4216450532724506
7,964516129032257; 0,4253528158295282
7,964516129032257; 0,4200913242009133
8,015542521994133; 0,4234459665144597
8,076774193548383; 0,4265181126331812
8,06656891495601; 0,4217509893455099
8,130351906158355; 0,42461126331811266
8,168621700879763; 0,42831902587519033
8,168621700879763; 0,4231987823439879
8,21964809384164; 0,4264121765601218
8,280879765395893; 0,4294843226788433
8,270674486803516; 0,42471719939117203
8,321700879765393; 0,427648097412481
8,37272727272727; 0,4310733637747337
8,37272727272727; 0,4262003044140031
8,423753665689146; 0,4291665144596652
8,474780058651023; 0,432344596651446
8,474780058651023; 0,427648097412481
8,536011730205276; 0,43033181126331815
8,57683284457478; 0,4338277016742771
8,55131964809384; 0,42863683409436837
8,627859237536656; 0,4319208523592086
8,678885630498533; 0,43509893455098936
8,661876832844575; 0,4301905631659057
8,72991202346041; 0,4331920852359209
8,780938416422286; 0,43637016742770174
8,755425219941346; 0,4316030441400305
8,831964809384163; 0,4344633181126332
8,88299120234604; 0,43764140030441406
8,857478005865099; 0,4328742770167428
8,934017595307916; 0,43573455098934555
8,985043988269792; 0,4389126331811264
8,959530791788856; 0,43414550989345513
9,046275659824046; 0,43711171993911724
9,087096774193546; 0,43997199391172
9,061583577712609; 0,4353108066971081
9,199354838709676; 0,4413491628614917
9,199354838709676; 0,438806697108067
9,189149560117299; 0,43725296803652974
9,138123167155422; 0,4362642313546424
9,352434017595305; 0,44304414003044146
9,342228739002932; 0,4413491628614917
9,342228739002932; 0,44007792998477935
9,342228739002932; 0,43901856925418575
9,291202346041052; 0,43817108066971083
9,505513196480935; 0,4447391171993912
9,495307917888562; 0,44304414003044146
9,495307917888562; 0,44177290715372913
9,495307917888562; 0,44071354642313554
9,444281524926685; 0,4398660578386606
9,658592375366565; 0,446434094368341
9,648387096774192; 0,4447391171993912
9,648387096774192; 0,4434678843226789
9,648387096774192; 0,44240852359208527
9,597360703812315; 0,4415610350076104
9,801466275659822; 0,447599391171994
9,801466275659822; 0,446151598173516
9,81422287390029; 0,4447391171993912
9,767448680351903; 0,4434678843226789
9,913724340175952; 0,4489765601217657
9,964750733137828; 0,44685783866057843
9,941788856304983; 0,445268797564688
10,066803519061581; 0,45024779299847795
10,056598240469205; 0,4485528158295282
10,107624633431081; 0,4472815829528159
10,219882697947211; 0,4515190258751903
10,209677419354838; 0,44982404870624054
10,209677419354838; 0,4485528158295282
10,372961876832841; 0,4527902587519026
10,362756598240468; 0,45109528158295287
10,362756598240468; 0,44989467275494677
10,311730205278591; 0,4489765601217657
10,526041055718471; 0,454061491628615
10,515835777126098; 0,4523665144596652
10,515835777126098; 0,4512365296803653
10,464809384164221; 0,4504596651445967
10,679120234604104; 0,4553327245053273
10,668914956011728; 0,4536377473363775
10,668914956011728; 0,4525077625570777
10,617888563049851; 0,45173089802130906
10,832199413489734; 0,4566039573820396
10,821994134897357; 0,45490898021308984
10,821994134897357; 0,45377899543379
10,77096774193548; 0,4530021308980213
10,985278592375368; 0,45787519025875195
10,97507331378299; 0,45618021308980217
10,97507331378299; 0,45505022831050235
10,92404692082111; 0,4542733637747337
11,138357771260997; 0,4587226788432268
11,12815249266862; 0,4570277016742771
11,12815249266862; 0,4558977168949772
11,077126099706744; 0,45512085235920857
11,291436950146627; 0,4598244140030442
11,28123167155425; 0,4581576864535769
11,28123167155425; 0,4570983257229833
11,230205278592374; 0,4563920852359209
11,444516129032257; 0,46084140030441406
11,43431085043988; 0,4591464231354643
11,421554252199412; 0,45787519025875195
11,59759530791789; 0,4616888888888889
11,58739002932551; 0,45999391171993914
11,574633431085042; 0,4588286149162862
11,75067448680352; 0,46253637747336385
11,74046920821114; 0,46084140030441406
11,727712609970672; 0,45967610350076105
11,90375366568915; 0,4633838660578387
11,893548387096773; 0,4616888888888889
11,880791788856301; 0,46052359208523597
12,05683284457478; 0,4642313546423136
12,046627565982403; 0,46253637747336385
12,046627565982403; 0,4615476407914765
12,20991202346041; 0,4649093455098935
12,199706744868033; 0,4632426179604262
12,165689149560118; 0,4621126331811264
12,365542521994131; 0,465820395738204
12,352785923753663; 0,4643726027397261
12,318768328445747; 0,46310136986301376
12,516070381231673; 0,4663500761035008
12,505865102639293; 0,46465509893455104
12,505865102639293; 0,4638076103500761
12,669149560117303; 0,4670280669710807
12,658944281524926; 0,46536133942161345
12,633431085043986; 0,4644432267884323
12,822228739002933; 0,46745181126331814
12,812023460410556; 0,46578508371385086
12,76099706744868; 0,4650788432267885
12,977859237536654; 0,46836286149162865
12,965102639296186; 0,46691506849315073
12,939589442815246; 0,46592633181126336
13,128387096774192; 0,46872304414003046
13,118181818181816; 0,46705631659056324
13,067155425219939; 0,4663500761035008
13,281466275659826; 0,4691467884322679
13,271260997067445; 0,46748006088280064
13,220234604105569; 0,4667738203957382
13,434545454545455; 0,4695705327245054
13,424340175953079; 0,4679038051750381
13,373313782991199; 0,4674094368340944
13,587624633431085; 0,4699942770167428
13,577419354838709; 0,4683275494672755
13,526392961876832; 0,4678331811263319
13,740703812316715; 0,47041802130898025
13,730498533724338; 0,46875129375951297
13,679472140762462; 0,4682569254185693
13,893782991202345; 0,4708417656012177
13,883577712609968; 0,4691750380517504
13,832551319648092; 0,46868066971080674
14,04941348973607; 0,47132907153729076
14,036656891495598; 0,46988127853881284
14,011143695014662; 0,4691044140030442
14,189736070381228; 0,4718587519025876
14,189736070381228; 0,47058751902587526
14,189736070381228; 0,4694575342465754
14,342815249266861; 0,472282496194825
14,342815249266861; 0,47101126331811266
14,342815249266861; 0,4698106544901066
14,506099706744868; 0,47211299847793003
14,495894428152491; 0,47044627092846275
14,444868035190614; 0,46995190258751907
14,648973607038121; 0,47270624048706245
14,648973607038121; 0,4714350076103501
14,648973607038121; 0,4703756468797565
14,812258064516127; 0,47253674277016744
14,80205278592375; 0,47087001522070016
14,751026392961874; 0,4703756468797565
14,95513196480938; 0,4731299847792999
14,95513196480938; 0,4718587519025876
14,95513196480938; 0,470799391171994
15,120967741935482; 0,47302404870624054
15,108211143695014; 0,4715762557077626
15,082697947214074; 0,470799391171994
15,261290322580644; 0,47355372907153737
15,261290322580644; 0,472282496194825
15,261290322580644; 0,47115251141552517
15,414369501466274; 0,47355372907153737
15,414369501466274; 0,472282496194825
15,414369501466274; 0,4712231354642314
15,567448680351903; 0,47355372907153737
15,567448680351903; 0,472282496194825
15,567448680351903; 0,4712231354642314
15,730733137829914; 0,47338423135464236
15,720527859237533; 0,4717175038051751
15,669501466275657; 0,4712231354642314
15,873607038123167; 0,47397747336377477
15,873607038123167; 0,47270624048706245
15,873607038123167; 0,47150563165905635
16,026686217008795; 0,47397747336377477
16,026686217008795; 0,47270624048706245
16,026686217008795; 0,47164687975646885
16,179765395894428; 0,47397747336377477
16,179765395894428; 0,47270624048706245
16,179765395894428; 0,47164687975646885
16,332844574780054; 0,47397747336377477
16,332844574780054; 0,47270624048706245
16,332844574780054; 0,47164687975646885
16,485923753665688; 0,47397747336377477
16,485923753665688; 0,47270624048706245
16,485923753665688; 0,47164687975646885
16,639002932551314; 0,47397747336377477
16,639002932551314; 0,47270624048706245
16,639002932551314; 0,47164687975646885
16,792082111436947; 0,47397747336377477
16,792082111436947; 0,47270624048706245
16,792082111436947; 0,47164687975646885
16,945161290322574; 0,47397747336377477
16,945161290322574; 0,47270624048706245
16,945161290322574; 0,4715762557077626
17,098240469208207; 0,47397747336377477
17,098240469208207; 0,47270624048706245
17,098240469208207; 0,4714350076103501
17,25131964809384; 0,4736949771689498
17,25131964809384; 0,4724237442922375
17,25131964809384; 0,4712937595129376
17,404398826979467; 0,47355372907153737
17,404398826979467; 0,472282496194825
17,404398826979467; 0,4712231354642314
17,5574780058651; 0,47355372907153737
17,5574780058651; 0,472282496194825
17,5574780058651; 0,4712231354642314
17,710557184750726; 0,47355372907153737
17,710557184750726; 0,472282496194825
17,710557184750726; 0,47115251141552517
17,86363636363636; 0,47341248097412486
17,86363636363636; 0,47214124809741254
17,86363636363636; 0,47094063926940644
18,016715542521993; 0,4731299847792999
18,016715542521993; 0,4718587519025876
18,016715542521993; 0,470799391171994
18,16979472140762; 0,4731299847792999
18,16979472140762; 0,4718587519025876
18,16979472140762; 0,470799391171994
18,322873900293253; 0,4731299847792999
18,322873900293253; 0,4718587519025876
18,322873900293253; 0,47058751902587526
18,47595307917888; 0,47270624048706245
18,47595307917888; 0,4714350076103501
18,47595307917888; 0,4703756468797565
18,629032258064512; 0,47270624048706245
18,629032258064512; 0,4714350076103501
18,629032258064512; 0,47030502283105025
18,782111436950146; 0,4724237442922375
18,782111436950146; 0,47115251141552517
18,782111436950146; 0,4700225266362253
18,935190615835772; 0,472282496194825
18,935190615835772; 0,47101126331811266
18,935190615835772; 0,46995190258751907
19,088269794721406; 0,472282496194825
19,088269794721406; 0,47101126331811266
19,088269794721406; 0,4698106544901066
19,241348973607032; 0,4718587519025876
19,241348973607032; 0,47058751902587526
19,241348973607032; 0,4695281582952816
19,394428152492665; 0,4718587519025876
19,394428152492665; 0,47058751902587526
19,394428152492665; 0,46938691019786916
19,5475073313783; 0,4714350076103501
19,5475073313783; 0,4701637747336378
19,5475073313783; 0,4691044140030442
19,700586510263925; 0,4714350076103501
19,700586510263925; 0,4701637747336378
19,700586510263925; 0,469033789954338
19,853665689149558; 0,47115251141552517
19,853665689149558; 0,46988127853881284
19,853665689149558; 0,46875129375951297
20,006744868035184; 0,47101126331811266
20,006744868035184; 0,46974003044140034
20,006744868035184; 0,468468797564688
20,159824046920818; 0,4707287671232877
20,159824046920818; 0,4694575342465754
20,159824046920818; 0,4683275494672755
20,312903225806444; 0,47058751902587526
20,312903225806444; 0,4693162861491629
20,312903225806444; 0,46818630136986306
20,465982404692078; 0,47030502283105025
20,465982404692078; 0,469033789954338
20,465982404692078; 0,4679038051750381
20,61906158357771; 0,4701637747336378
20,61906158357771; 0,46889254185692547
20,61906158357771; 0,46769193302891937
20,772140762463337; 0,46974003044140034
20,772140762463337; 0,468468797564688
20,772140762463337; 0,4674094368340944
20,92521994134897; 0,46974003044140034
20,92521994134897; 0,468468797564688
20,92521994134897; 0,4672681887366819
21,078299120234597; 0,4693162861491629
21,078299120234597; 0,4680450532724506
21,078299120234597; 0,46698569254185696
21,23137829912023; 0,4693162861491629
21,23137829912023; 0,4680450532724506
21,23137829912023; 0,4668444444444445
21,384457478005864; 0,46889254185692547
21,384457478005864; 0,46762130898021315
21,384457478005864; 0,4665619482496195
21,53753665689149; 0,46875129375951297
21,53753665689149; 0,46748006088280064
21,53753665689149; 0,4662794520547946
21,690615835777123; 0,468468797564688
21,690615835777123; 0,4671975646879757
21,690615835777123; 0,4661382039573821
21,84369501466275; 0,4683275494672755
21,84369501466275; 0,46705631659056324
21,84369501466275; 0,46585570776255714
21,996774193548383; 0,4680450532724506
21,996774193548383; 0,4667738203957382
21,996774193548383; 0,4656438356164384
22,149853372434016; 0,4677625570776256
22,149853372434016; 0,46649132420091327
22,149853372434016; 0,46536133942161345
22,302932551319643; 0,46762130898021315
22,302932551319643; 0,4663500761035008
22,302932551319643; 0,46522009132420095
22,456011730205276; 0,4673388127853882
22,456011730205276; 0,46606757990867587
22,456011730205276; 0,464937595129376
22,609090909090902; 0,4671975646879757
22,609090909090902; 0,46592633181126336
22,609090909090902; 0,46472572298325726
22,762170087976536; 0,4667738203957382
22,762170087976536; 0,4655025875190259
22,762170087976536; 0,4644432267884323
22,91524926686217; 0,4667738203957382
22,91524926686217; 0,4655025875190259
22,91524926686217; 0,46430197869101986
23,068328445747795; 0,4663500761035008
23,068328445747795; 0,4650788432267885
23,068328445747795; 0,46401948249619485
23,22140762463343; 0,4662088280060883
23,22140762463343; 0,464937595129376
23,22140762463343; 0,4637369863013699
23,374486803519055; 0,46592633181126336
23,374486803519055; 0,46465509893455104
23,374486803519055; 0,46359573820395744
23,52756598240469; 0,46578508371385086
23,52756598240469; 0,46451385083713853
23,52756598240469; 0,4633132420091325
23,68064516129032; 0,4655025875190259
23,68064516129032; 0,4642313546423136
23,68064516129032; 0,46317199391172
23,833724340175948; 0,46522009132420095
23,833724340175948; 0,4639488584474886
23,833724340175948; 0,46281887366818875
23,98680351906158; 0,4650788432267885
23,98680351906158; 0,4638076103500761
23,98680351906158; 0,4626776255707763
24,139882697947208; 0,4647963470319635
24,139882697947208; 0,4635251141552512
24,139882697947208; 0,46239512937595134
24,29296187683284; 0,46465509893455104
24,29296187683284; 0,4633838660578387
24,29296187683284; 0,46225388127853884
24,446041055718474; 0,4643726027397261
24,446041055718474; 0,46310136986301376
24,446041055718474; 0,4619713850837139
24,5991202346041; 0,4642313546423136
24,5991202346041; 0,46296012176560125
24,5991202346041; 0,46175951293759515
24,752199413489734; 0,4638076103500761
24,752199413489734; 0,46253637747336385
24,752199413489734; 0,4614770167427702
24,90527859237536; 0,4638076103500761
24,90527859237536; 0,46253637747336385
24,90527859237536; 0,46133576864535775
25,058357771260994; 0,4633838660578387
25,058357771260994; 0,4621126331811264
25,058357771260994; 0,46105327245053274
25,21143695014662; 0,4633838660578387
25,21143695014662; 0,4621126331811264
25,21143695014662; 0,4609120243531203
25,364516129032253; 0,46296012176560125
25,364516129032253; 0,4616888888888889
25,364516129032253; 0,46062952815829533
25,517595307917887; 0,46296012176560125
25,517595307917887; 0,4616888888888889
25,517595307917887; 0,4604882800608828
25,670674486803513; 0,46253637747336385
25,670674486803513; 0,46126514459665147
25,670674486803513; 0,46020578386605787
25,823753665689146; 0,46253637747336385
25,823753665689146; 0,46126514459665147
25,823753665689146; 0,46006453576864537
25,976832844574773; 0,4621126331811264
25,976832844574773; 0,46084140030441406
25,976832844574773; 0,45978203957382047
26,129912023460406; 0,4621126331811264
26,129912023460406; 0,46084140030441406
26,129912023460406; 0,45964079147640796
26,28299120234604; 0,4616888888888889
26,28299120234604; 0,4604176560121766
26,28299120234604; 0,459358295281583
26,436070381231666; 0,4616888888888889
26,436070381231666; 0,4604176560121766
26,436070381231666; 0,4592876712328767
26,5891495601173; 0,46140639269406397
26,5891495601173; 0,46013515981735165
26,5891495601173; 0,45900517503805177
26,742228739002925; 0,46126514459665147
26,742228739002925; 0,45999391171993914
26,742228739002925; 0,4588639269406393
26,89530791788856; 0,461123896499239
26,89530791788856; 0,4598526636225267
26,89530791788856; 0,4586520547945206
27,048387096774192; 0,46084140030441406
27,048387096774192; 0,45957016742770174
27,048387096774192; 0,4585108066971081
27,20146627565982; 0,46084140030441406
27,20146627565982; 0,45957016742770174
27,20146627565982; 0,45829893455098936
27,354545454545452; 0,4604176560121766
27,354545454545452; 0,4591464231354643
27,354545454545452; 0,4580870624048707
27,507624633431078; 0,4604176560121766
27,507624633431078; 0,4591464231354643
27,507624633431078; 0,45801643835616446
27,66070381231671; 0,46013515981735165
27,66070381231671; 0,4588639269406393
27,66070381231671; 0,45773394216133945
27,813782991202345; 0,45999391171993914
27,813782991202345; 0,4587226788432268
27,813782991202345; 0,4576633181126332
27,96686217008797; 0,4598526636225267
27,96686217008797; 0,45858143074581437
27,96686217008797; 0,45738082191780827
28,119941348973605; 0,45957016742770174
28,119941348973605; 0,45829893455098936
28,119941348973605; 0,45723957382039576
28,27302052785923; 0,45957016742770174
28,27302052785923; 0,45829893455098936
28,27302052785923; 0,45716894977168954
28,426099706744864; 0,4592876712328767
28,426099706744864; 0,45801643835616446
28,426099706744864; 0,4568864535768646
28,579178885630498; 0,4591464231354643
28,579178885630498; 0,45787519025875195
28,579178885630498; 0,45681582952815836
28,732258064516124; 0,4591464231354643
28,732258064516124; 0,45787519025875195
28,732258064516124; 0,45667458143074585
28,885337243401757; 0,4587226788432268
28,885337243401757; 0,4574514459665145
28,885337243401757; 0,4563920852359209
29,038416422287384; 0,4587226788432268
29,038416422287384; 0,4574514459665145
29,038416422287384; 0,4563920852359209
29,191495601173017; 0,4587226788432268
29,191495601173017; 0,4574514459665145
29,191495601173017; 0,45618021308980217
29,34457478005865; 0,45829893455098936
29,34457478005865; 0,4570277016742771
29,34457478005865; 0,45596834094368344
29,497653958944277; 0,45829893455098936
29,497653958944277; 0,4570277016742771
29,497653958944277; 0,45596834094368344
29,65073313782991; 0,45829893455098936
29,65073313782991; 0,4570277016742771
29,65073313782991; 0,4557564687975647
29,803812316715536; 0,45787519025875195
29,803812316715536; 0,4566039573820396
29,803812316715536; 0,455544596651446
29,95689149560117; 0,45787519025875195
29,95689149560117; 0,4566039573820396
29,95689149560117; 0,455544596651446
30,109970674486796; 0,45787519025875195
30,109970674486796; 0,4566039573820396
30,109970674486796; 0,4554033485540335
30,26304985337243; 0,4574514459665145
30,26304985337243; 0,45618021308980217
30,26304985337243; 0,45512085235920857
30,416129032258063; 0,4574514459665145
30,416129032258063; 0,45618021308980217
30,416129032258063; 0,45512085235920857
30,56920821114369; 0,4574514459665145
30,56920821114369; 0,45618021308980217
30,56920821114369; 0,45505022831050235
30,722287390029322; 0,457310197869102
30,722287390029322; 0,4560389649923897
30,722287390029322; 0,4548383561643836
30,87536656891495; 0,4570277016742771
30,87536656891495; 0,4557564687975647
30,87536656891495; 0,4546971080669711
31,028445747800582; 0,4570277016742771
31,028445747800582; 0,4557564687975647
31,028445747800582; 0,4546971080669711
31,181524926686215; 0,4570277016742771
31,181524926686215; 0,4557564687975647
31,181524926686215; 0,4545558599695586
31,33460410557184; 0,4567452054794521
31,33460410557184; 0,4554739726027398
31,33460410557184; 0,45434398782343993
31,487683284457475; 0,4566039573820396
31,487683284457475; 0,4553327245053273
31,487683284457475; 0,4542733637747337
31,6407624633431; 0,4566039573820396
31,6407624633431; 0,4553327245053273
31,6407624633431; 0,4542733637747337
31,793841642228735; 0,4566039573820396
31,793841642228735; 0,4553327245053273
31,793841642228735; 0,454061491628615
31,946920821114368; 0,45632146118721467
31,946920821114368; 0,45505022831050235
31,946920821114368; 0,45392024353120247
32,099999999999994; 0,45618021308980217
32,099999999999994; 0,45490898021308984
32,099999999999994; 0,45384961948249625
32,25307917888563; 0,45618021308980217
32,25307917888563; 0,45490898021308984
32,25307917888563; 0,45384961948249625
32,406158357771254; 0,45618021308980217
32,406158357771254; 0,45490898021308984
32,406158357771254; 0,45370837138508374
32,55923753665689; 0,4558977168949772
32,55923753665689; 0,4546264840182649
32,55923753665689; 0,453496499238965
32,71231671554252; 0,4557564687975647
32,71231671554252; 0,4544852359208524
32,71231671554252; 0,4534258751902588
32,86539589442815; 0,4557564687975647
32,86539589442815; 0,4544852359208524
32,86539589442815; 0,4534258751902588
33,01847507331378; 0,4557564687975647
33,01847507331378; 0,4544852359208524
33,01847507331378; 0,4534258751902588
33,17155425219941; 0,4557564687975647
33,17155425219941; 0,4544852359208524
33,17155425219941; 0,45321400304414006
33,32463343108504; 0,4554739726027398
33,32463343108504; 0,4542027397260274
33,32463343108504; 0,4530727549467276
33,47771260997067; 0,4553327245053273
33,47771260997067; 0,454061491628615
33,47771260997067; 0,4530021308980213
33,6307917888563; 0,4553327245053273
33,6307917888563; 0,454061491628615
33,6307917888563; 0,4530021308980213
33,78387096774193; 0,4553327245053273
33,78387096774193; 0,454061491628615
33,78387096774193; 0,4530021308980213
33,93695014662756; 0,4553327245053273
33,93695014662756; 0,454061491628615
33,93695014662756; 0,4529315068493151
34,09002932551319; 0,4553327245053273
34,09002932551319; 0,454061491628615
34,09002932551319; 0,4527902587519026
34,243108504398826; 0,45490898021308984
34,243108504398826; 0,4536377473363775
34,243108504398826; 0,4525783866057839
34,39618768328445; 0,45490898021308984
34,39618768328445; 0,4536377473363775
34,39618768328445; 0,4525783866057839
34,549266862170086; 0,45490898021308984
34,549266862170086; 0,4536377473363775
34,549266862170086; 0,4525783866057839
34,70234604105571; 0,45490898021308984
34,70234604105571; 0,4536377473363775
34,70234604105571; 0,4525783866057839
34,855425219941345; 0,45490898021308984
34,855425219941345; 0,4536377473363775
34,855425219941345; 0,4525077625570777
35,00850439882697; 0,45490898021308984
35,00850439882697; 0,4536377473363775
35,00850439882697; 0,4523665144596652
35,161583577712605; 0,4546264840182649
35,161583577712605; 0,45335525114155256
35,161583577712605; 0,4522252663622527
35,31466275659824; 0,4544852359208524
35,31466275659824; 0,45321400304414006
35,31466275659824; 0,45215464231354646
35,467741935483865; 0,4544852359208524
35,467741935483865; 0,45321400304414006
35,467741935483865; 0,45215464231354646
35,6208211143695; 0,4544852359208524
35,6208211143695; 0,45321400304414006
35,6208211143695; 0,45215464231354646
35,773900293255124; 0,4544852359208524
35,773900293255124; 0,45321400304414006
35,773900293255124; 0,45215464231354646
35,92697947214076; 0,4544852359208524
35,92697947214076; 0,45321400304414006
35,92697947214076; 0,45215464231354646
36,08005865102639; 0,4544852359208524
36,08005865102639; 0,45321400304414006
36,08005865102639; 0,45194277016742773
36,23313782991202; 0,4544852359208524
36,23313782991202; 0,45321400304414006
36,23313782991202; 0,45194277016742773
36,38621700879765; 0,454061491628615
36,38621700879765; 0,4527902587519026
36,38621700879765; 0,45173089802130906
36,53929618768328; 0,454061491628615
36,53929618768328; 0,4527902587519026
36,53929618768328; 0,45173089802130906
36,69237536656891; 0,454061491628615
36,69237536656891; 0,4527902587519026
36,69237536656891; 0,45173089802130906
36,845454545454544; 0,454061491628615
36,845454545454544; 0,4527902587519026
36,845454545454544; 0,45173089802130906
36,99853372434017; 0,454061491628615
36,99853372434017; 0,4527902587519026
36,99853372434017; 0,45173089802130906
37,151612903225804; 0,454061491628615
37,151612903225804; 0,4527902587519026
37,151612903225804; 0,45173089802130906
37,30469208211143; 0,454061491628615
37,30469208211143; 0,4527902587519026
37,30469208211143; 0,45173089802130906
37,45777126099706; 0,454061491628615
37,45777126099706; 0,4527902587519026
37,45777126099706; 0,45158964992389655
37,6108504398827; 0,454061491628615
37,6108504398827; 0,4527902587519026
37,6108504398827; 0,4515190258751903
37,76392961876832; 0,45392024353120247
37,76392961876832; 0,45264901065449015
37,76392961876832; 0,45144840182648405
37,917008797653956; 0,4536377473363775
37,917008797653956; 0,4523665144596652
37,917008797653956; 0,4513071537290716
38,07008797653958; 0,4536377473363775
38,07008797653958; 0,4523665144596652
38,07008797653958; 0,4513071537290716
38,223167155425216; 0,4536377473363775
38,223167155425216; 0,4523665144596652
38,223167155425216; 0,4513071537290716
38,37624633431085; 0,4536377473363775
38,37624633431085; 0,4523665144596652
38,37624633431085; 0,4513071537290716
38,529325513196476; 0,4536377473363775
38,529325513196476; 0,4523665144596652
38,529325513196476; 0,4513071537290716
38,68240469208211; 0,4536377473363775
38,68240469208211; 0,4523665144596652
38,68240469208211; 0,4513071537290716
38,835483870967735; 0,4536377473363775
38,835483870967735; 0,4523665144596652
38,835483870967735; 0,4513071537290716
38,98856304985337; 0,4536377473363775
38,98856304985337; 0,4523665144596652
38,98856304985337; 0,4513071537290716
39,141642228739; 0,4536377473363775
39,141642228739; 0,4523665144596652
39,141642228739; 0,4513071537290716
39,29472140762463; 0,4536377473363775
39,29472140762463; 0,4523665144596652
39,29472140762463; 0,4513071537290716
39,44780058651026; 0,4536377473363775
39,44780058651026; 0,4523665144596652
39,44780058651026; 0,4511659056316591
39,60087976539589; 0,4536377473363775
39,60087976539589; 0,4523665144596652
39,60087976539589; 0,45109528158295287
39,75395894428152; 0,4536377473363775
39,75395894428152; 0,4523665144596652
39,75395894428152; 0,45109528158295287
39,90703812316715; 0,4536377473363775
39,90703812316715; 0,4523665144596652
39,90703812316715; 0,45109528158295287
40,06011730205278; 0,4536377473363775
40,06011730205278; 0,4523665144596652
40,06011730205278; 0,45109528158295287
40,213196480938414; 0,45321400304414006
40,213196480938414; 0,45194277016742773
40,213196480938414; 0,45088340943683414
40,36627565982404; 0,45321400304414006
40,36627565982404; 0,45194277016742773
40,36627565982404; 0,45088340943683414
40,519354838709674; 0,45321400304414006
40,519354838709674; 0,45194277016742773
40,519354838709674; 0,45088340943683414
40,6724340175953; 0,45321400304414006
40,6724340175953; 0,45194277016742773
40,6724340175953; 0,45088340943683414
40,825513196480934; 0,45321400304414006
40,825513196480934; 0,45194277016742773
40,825513196480934; 0,45088340943683414
40,97859237536657; 0,45321400304414006
40,97859237536657; 0,45194277016742773
40,97859237536657; 0,45088340943683414
41,13167155425219; 0,45321400304414006
41,13167155425219; 0,45194277016742773
41,13167155425219; 0,45088340943683414
41,28475073313783; 0,45321400304414006
41,28475073313783; 0,45194277016742773
41,28475073313783; 0,45088340943683414
41,43782991202345; 0,45321400304414006
41,43782991202345; 0,45194277016742773
41,43782991202345; 0,45088340943683414
41,590909090909086; 0,45321400304414006
41,590909090909086; 0,45194277016742773
41,590909090909086; 0,45088340943683414
41,74398826979472; 0,45321400304414006
41,74398826979472; 0,45194277016742773
41,74398826979472; 0,45088340943683414
41,897067448680346; 0,45321400304414006
41,897067448680346; 0,45194277016742773
41,897067448680346; 0,45088340943683414
42,05014662756598; 0,45321400304414006
42,05014662756598; 0,45194277016742773
42,05014662756598; 0,45088340943683414
42,203225806451606; 0,45321400304414006
42,203225806451606; 0,45194277016742773
42,203225806451606; 0,45088340943683414
42,35630498533724; 0,45321400304414006
42,35630498533724; 0,45194277016742773
42,35630498533724; 0,45088340943683414
42,50938416422287; 0,45321400304414006
42,50938416422287; 0,45194277016742773
42,50938416422287; 0,45088340943683414
42,6624633431085; 0,45321400304414006
42,6624633431085; 0,45194277016742773
42,6624633431085; 0,45088340943683414
42,81554252199413; 0,45321400304414006
42,81554252199413; 0,45194277016742773
42,81554252199413; 0,45088340943683414
42,96862170087976; 0,45321400304414006
42,96862170087976; 0,45194277016742773
42,96862170087976; 0,45088340943683414
43,12170087976539; 0,45321400304414006
43,12170087976539; 0,45194277016742773
43,12170087976539; 0,45088340943683414
43,274780058651025; 0,45321400304414006
43,274780058651025; 0,45194277016742773
43,274780058651025; 0,45088340943683414
43,42785923753665; 0,45321400304414006
43,42785923753665; 0,45194277016742773
43,42785923753665; 0,45074216133942163
43,580938416422285; 0,45321400304414006
43,580938416422285; 0,45194277016742773
43,580938416422285; 0,4506715372907154
43,73401759530791; 0,45321400304414006
43,73401759530791; 0,45194277016742773
43,73401759530791; 0,4506715372907154
43,887096774193544; 0,45321400304414006
43,887096774193544; 0,45194277016742773
43,887096774193544; 0,4506715372907154
44,04017595307918; 0,45321400304414006
44,04017595307918; 0,45194277016742773
44,04017595307918; 0,4506715372907154
44,193255131964804; 0,45321400304414006
44,193255131964804; 0,45194277016742773
44,193255131964804; 0,4506715372907154
44,34633431085044; 0,45321400304414006
44,34633431085044; 0,45194277016742773
44,34633431085044; 0,4506715372907154
44,499413489736064; 0,45321400304414006
44,499413489736064; 0,45194277016742773
44,499413489736064; 0,4506715372907154
44,6524926686217; 0,45321400304414006
44,6524926686217; 0,45194277016742773
44,6524926686217; 0,4506715372907154
44,80557184750732; 0,45321400304414006
44,80557184750732; 0,45194277016742773
44,80557184750732; 0,4506715372907154
44,95865102639296; 0,45321400304414006
44,95865102639296; 0,45194277016742773
44,95865102639296; 0,4506715372907154
45,11173020527859; 0,45321400304414006
45,11173020527859; 0,45194277016742773
45,11173020527859; 0,4506715372907154
45,26480938416422; 0,45321400304414006
45,26480938416422; 0,45194277016742773
45,26480938416422; 0,4506715372907154
45,41788856304985; 0,45321400304414006
45,41788856304985; 0,45194277016742773
45,41788856304985; 0,4506715372907154
45,570967741935476; 0,45321400304414006
45,570967741935476; 0,45194277016742773
45,570967741935476; 0,4506715372907154
45,72404692082111; 0,45321400304414006
45,72404692082111; 0,45194277016742773
45,72404692082111; 0,4506715372907154
45,87712609970674; 0,45321400304414006
45,87712609970674; 0,45194277016742773
45,87712609970674; 0,4506715372907154
46,03020527859237; 0,45321400304414006
46,03020527859237; 0,45194277016742773
46,03020527859237; 0,4506715372907154
46,183284457478; 0,45321400304414006
46,183284457478; 0,45194277016742773
46,183284457478; 0,4506715372907154
46,33636363636363; 0,45321400304414006
46,33636363636363; 0,45194277016742773
46,33636363636363; 0,4506715372907154
46,48944281524926; 0,45321400304414006
46,48944281524926; 0,45194277016742773
46,48944281524926; 0,4506715372907154
46,642521994134896; 0,4527902587519026
46,642521994134896; 0,4515190258751903
46,642521994134896; 0,4504596651445967
46,79560117302052; 0,4527902587519026
46,79560117302052; 0,4515190258751903
46,79560117302052; 0,4504596651445967
46,948680351906155; 0,4527902587519026
46,948680351906155; 0,4515190258751903
46,948680351906155; 0,4504596651445967
47,10175953079178; 0,4527902587519026
47,10175953079178; 0,4515190258751903
47,10175953079178; 0,4504596651445967
47,254838709677415; 0,4527902587519026
47,254838709677415; 0,4515190258751903
47,254838709677415; 0,4504596651445967
47,40791788856305; 0,4527902587519026
47,40791788856305; 0,4515190258751903
47,40791788856305; 0,4504596651445967
47,560997067448675; 0,4527902587519026
47,560997067448675; 0,4515190258751903
47,560997067448675; 0,4504596651445967
47,71407624633431; 0,4527902587519026
47,71407624633431; 0,4515190258751903
47,71407624633431; 0,4504596651445967
47,867155425219934; 0,4527902587519026
47,867155425219934; 0,4515190258751903
47,867155425219934; 0,4504596651445967
48,02023460410557; 0,4527902587519026
48,02023460410557; 0,4515190258751903
48,02023460410557; 0,4504596651445967
48,1733137829912; 0,4527902587519026
48,1733137829912; 0,4515190258751903
48,1733137829912; 0,4504596651445967
48,32639296187683; 0,4527902587519026
48,32639296187683; 0,4515190258751903
48,32639296187683; 0,4504596651445967
48,47947214076246; 0,4527902587519026
48,47947214076246; 0,4515190258751903
48,47947214076246; 0,4504596651445967
48,63255131964809; 0,4527902587519026
48,63255131964809; 0,4515190258751903
48,63255131964809; 0,4504596651445967
48,78563049853372; 0,4527902587519026
48,78563049853372; 0,4515190258751903
48,78563049853372; 0,4504596651445967
48,93870967741935; 0,4527902587519026
48,93870967741935; 0,4515190258751903
48,93870967741935; 0,4504596651445967
49,09178885630498; 0,4527902587519026
49,09178885630498; 0,4515190258751903
49,09178885630498; 0,4504596651445967
49,24486803519061; 0,4527902587519026
49,24486803519061; 0,4515190258751903
49,24486803519061; 0,4504596651445967
49,39794721407625; 0,4527902587519026
49,39794721407625; 0,4515190258751903
49,39794721407625; 0,4504596651445967
49,551026392961866; 0,4527902587519026
49,551026392961866; 0,4515190258751903
49,551026392961866; 0,4504596651445967
49,7041055718475; 0,4527902587519026
49,7041055718475; 0,4515190258751903
49,7041055718475; 0,4504596651445967
49,85718475073313; 0,4527902587519026
49,85718475073313; 0,4515190258751903
49,85718475073313; 0,4504596651445967
50,010263929618766; 0,4527902587519026
50,010263929618766; 0,4515190258751903
50,010263929618766; 0,4504596651445967
50,17609970674486; 0,4526843226788433
50,1633431085044; 0,4512365296803653
50,137829912023456; 0,4504596651445967
50,31642228739002; 0,45321400304414006
50,31642228739002; 0,45194277016742773
50,31642228739002; 0,4506715372907154
50,46950146627565; 0,45321400304414006
50,46950146627565; 0,45194277016742773
50,46950146627565; 0,4506715372907154
50,622580645161285; 0,45321400304414006
50,622580645161285; 0,45194277016742773
50,622580645161285; 0,4506715372907154
50,77565982404692; 0,45321400304414006
50,77565982404692; 0,45194277016742773
50,77565982404692; 0,4506715372907154
50,92873900293255; 0,45321400304414006
50,92873900293255; 0,45194277016742773
50,92873900293255; 0,4506715372907154
51,08181818181817; 0,45321400304414006
51,08181818181817; 0,45194277016742773
51,08181818181817; 0,4506715372907154
51,234897360703805; 0,45321400304414006
51,234897360703805; 0,45194277016742773
51,234897360703805; 0,4506715372907154
51,38797653958944; 0,45321400304414006
51,38797653958944; 0,45194277016742773
51,38797653958944; 0,4506715372907154
51,54105571847507; 0,45321400304414006
51,54105571847507; 0,45194277016742773
51,54105571847507; 0,4506715372907154
51,694134897360705; 0,45321400304414006
51,694134897360705; 0,45194277016742773
51,694134897360705; 0,4506715372907154
51,847214076246324; 0,45321400304414006
51,847214076246324; 0,45194277016742773
51,847214076246324; 0,4506715372907154
52,00029325513196; 0,45321400304414006
52,00029325513196; 0,45194277016742773
52,00029325513196; 0,4506715372907154
52,15337243401759; 0,45321400304414006
52,15337243401759; 0,45194277016742773
52,15337243401759; 0,4506715372907154
52,306451612903224; 0,45321400304414006
52,306451612903224; 0,45194277016742773
52,306451612903224; 0,4506715372907154
52,45953079178886; 0,45321400304414006
52,45953079178886; 0,45194277016742773
52,45953079178886; 0,4506715372907154
52,61260997067448; 0,45321400304414006
52,61260997067448; 0,45194277016742773
52,61260997067448; 0,4506715372907154
52,76568914956011; 0,45321400304414006
52,76568914956011; 0,45194277016742773
52,76568914956011; 0,4506715372907154
52,91876832844574; 0,45321400304414006
52,91876832844574; 0,45194277016742773
52,91876832844574; 0,4506715372907154
53,07184750733138; 0,45321400304414006
53,07184750733138; 0,45194277016742773
53,07184750733138; 0,4506715372907154
53,22492668621701; 0,45321400304414006
53,22492668621701; 0,45194277016742773
53,22492668621701; 0,4506715372907154
53,37800586510263; 0,45321400304414006
53,37800586510263; 0,45194277016742773
53,37800586510263; 0,4506715372907154
53,53108504398826; 0,45321400304414006
53,53108504398826; 0,45194277016742773
53,53108504398826; 0,4506715372907154
53,684164222873896; 0,45321400304414006
53,684164222873896; 0,45194277016742773
53,684164222873896; 0,4506715372907154
53,83724340175953; 0,45321400304414006
53,83724340175953; 0,45194277016742773
53,83724340175953; 0,4506715372907154
53,99032258064516; 0,45321400304414006
53,99032258064516; 0,45194277016742773
53,99032258064516; 0,4506715372907154
54,14340175953078; 0,45321400304414006
54,14340175953078; 0,45194277016742773
54,14340175953078; 0,4506715372907154
54,296480938416416; 0,45321400304414006
54,296480938416416; 0,45194277016742773
54,296480938416416; 0,4506715372907154
54,44956011730205; 0,45321400304414006
54,44956011730205; 0,45194277016742773
54,44956011730205; 0,4506715372907154
54,60263929618768; 0,45321400304414006
54,60263929618768; 0,45194277016742773
54,60263929618768; 0,4506715372907154
54,755718475073316; 0,45321400304414006
54,755718475073316; 0,45194277016742773
54,755718475073316; 0,4506715372907154
54,908797653958935; 0,45321400304414006
54,908797653958935; 0,45194277016742773
54,908797653958935; 0,4506715372907154
55,06187683284457; 0,45321400304414006
55,06187683284457; 0,45194277016742773
55,06187683284457; 0,4506715372907154
55,2149560117302; 0,45321400304414006
55,2149560117302; 0,45194277016742773
55,2149560117302; 0,4506715372907154
55,368035190615835; 0,45321400304414006
55,368035190615835; 0,45194277016742773
55,368035190615835; 0,4506715372907154
55,52111436950147; 0,45321400304414006
55,52111436950147; 0,45194277016742773
55,52111436950147; 0,4506715372907154
55,67419354838709; 0,45321400304414006
55,67419354838709; 0,45194277016742773
55,67419354838709; 0,4506715372907154
55,82727272727272; 0,45321400304414006
55,82727272727272; 0,45194277016742773
55,82727272727272; 0,4506715372907154
55,980351906158354; 0,45321400304414006
55,980351906158354; 0,45194277016742773
55,980351906158354; 0,4506715372907154
56,13343108504399; 0,45321400304414006
56,13343108504399; 0,45194277016742773
56,13343108504399; 0,4506715372907154
56,28651026392962; 0,45321400304414006
56,28651026392962; 0,45194277016742773
56,28651026392962; 0,4506715372907154
56,43958944281524; 0,45321400304414006
56,43958944281524; 0,45194277016742773
56,43958944281524; 0,4506715372907154
56,592668621700874; 0,45321400304414006
56,592668621700874; 0,45194277016742773
56,592668621700874; 0,4506715372907154
56,74574780058651; 0,45321400304414006
56,74574780058651; 0,45194277016742773
56,74574780058651; 0,4506715372907154
56,89882697947214; 0,45321400304414006
56,89882697947214; 0,45194277016742773
56,89882697947214; 0,4506715372907154
57,05190615835776; 0,45321400304414006
57,05190615835776; 0,45194277016742773
57,05190615835776; 0,4506715372907154
57,20498533724339; 0,45321400304414006
57,20498533724339; 0,45194277016742773
57,20498533724339; 0,4506715372907154
57,358064516129026; 0,45321400304414006
57,358064516129026; 0,45194277016742773
57,358064516129026; 0,4506715372907154
57,51114369501466; 0,45321400304414006
57,51114369501466; 0,45194277016742773
57,51114369501466; 0,4506715372907154
57,66422287390029; 0,45321400304414006
57,66422287390029; 0,45194277016742773
57,66422287390029; 0,4506715372907154
57,81730205278591; 0,45321400304414006
57,81730205278591; 0,45194277016742773
57,81730205278591; 0,4506715372907154
57,970381231671546; 0,45321400304414006
57,970381231671546; 0,45194277016742773
57,970381231671546; 0,4506715372907154
58,12346041055718; 0,45321400304414006
58,12346041055718; 0,45194277016742773
58,12346041055718; 0,4508127853881279
58,27653958944281; 0,45321400304414006
58,27653958944281; 0,45194277016742773
58,27653958944281; 0,45088340943683414
58,429618768328446; 0,45321400304414006
58,429618768328446; 0,45194277016742773
58,429618768328446; 0,45088340943683414
58,582697947214065; 0,45321400304414006
58,582697947214065; 0,45194277016742773
58,582697947214065; 0,45088340943683414
58,7357771260997; 0,45321400304414006
58,7357771260997; 0,45194277016742773
58,7357771260997; 0,45088340943683414
58,88885630498533; 0,45321400304414006
58,88885630498533; 0,45194277016742773
58,88885630498533; 0,45088340943683414
59,041935483870965; 0,45321400304414006
59,041935483870965; 0,45194277016742773
59,041935483870965; 0,45088340943683414
59,1950146627566; 0,45321400304414006
59,1950146627566; 0,45194277016742773
59,1950146627566; 0,45088340943683414
59,34809384164222; 0,45321400304414006
59,34809384164222; 0,45194277016742773
59,34809384164222; 0,45088340943683414
59,50117302052785; 0,45321400304414006
59,50117302052785; 0,45194277016742773
59,50117302052785; 0,45088340943683414
59,654252199413484; 0,45321400304414006
59,654252199413484; 0,45194277016742773
59,654252199413484; 0,45088340943683414
59,80733137829912; 0,45321400304414006
59,80733137829912; 0,45194277016742773
59,80733137829912; 0,45088340943683414
59,96041055718475; 0,45321400304414006
59,96041055718475; 0,45194277016742773
59,96041055718475; 0,45074216133942163
60,11348973607037; 0,45321400304414006
60,11348973607037; 0,45194277016742773
60,11348973607037; 0,4508127853881279
60,266568914956004; 0,45321400304414006
60,266568914956004; 0,45194277016742773
60,266568914956004; 0,45088340943683414
60,41964809384164; 0,45321400304414006
60,41964809384164; 0,45194277016742773
60,41964809384164; 0,45088340943683414
60,57272727272727; 0,45321400304414006
60,57272727272727; 0,45194277016742773
60,57272727272727; 0,45088340943683414
60,725806451612904; 0,45321400304414006
60,725806451612904; 0,45194277016742773
60,725806451612904; 0,45088340943683414
60,87888563049852; 0,45321400304414006
60,87888563049852; 0,45194277016742773
60,87888563049852; 0,45088340943683414
61,03196480938416; 0,45321400304414006
61,03196480938416; 0,45194277016742773
61,03196480938416; 0,45088340943683414
61,18504398826979; 0,45321400304414006
61,18504398826979; 0,45194277016742773
61,18504398826979; 0,45088340943683414
61,33812316715542; 0,45321400304414006
61,33812316715542; 0,45194277016742773
61,33812316715542; 0,45088340943683414
61,49120234604106; 0,45321400304414006
61,49120234604106; 0,45194277016742773
61,49120234604106; 0,45088340943683414
61,644281524926676; 0,45321400304414006
61,644281524926676; 0,45194277016742773
61,644281524926676; 0,45088340943683414
61,79736070381231; 0,45321400304414006
61,79736070381231; 0,45194277016742773
61,79736070381231; 0,45088340943683414
61,95043988269794; 0,45321400304414006
61,95043988269794; 0,45194277016742773
61,95043988269794; 0,45088340943683414
62,103519061583576; 0,45321400304414006
62,103519061583576; 0,45194277016742773
62,103519061583576; 0,45088340943683414
62,25659824046921; 0,45321400304414006
62,25659824046921; 0,45194277016742773
62,25659824046921; 0,45088340943683414
62,40967741935483; 0,45321400304414006
62,40967741935483; 0,45194277016742773
62,40967741935483; 0,45088340943683414
62,56275659824046; 0,45321400304414006
62,56275659824046; 0,45194277016742773
62,56275659824046; 0,45088340943683414
62,715835777126095; 0,45321400304414006
62,715835777126095; 0,45194277016742773
62,715835777126095; 0,45088340943683414
62,86891495601173; 0,45321400304414006
62,86891495601173; 0,45194277016742773
62,86891495601173; 0,45088340943683414
63,02199413489736; 0,45321400304414006
63,02199413489736; 0,45194277016742773
63,02199413489736; 0,45088340943683414
63,17507331378298; 0,45321400304414006
63,17507331378298; 0,45194277016742773
63,17507331378298; 0,45088340943683414
63,328152492668615; 0,45321400304414006
63,328152492668615; 0,45194277016742773
63,328152492668615; 0,45088340943683414
63,48123167155425; 0,45321400304414006
63,48123167155425; 0,45194277016742773
63,48123167155425; 0,45088340943683414
63,63431085043988; 0,45321400304414006
63,63431085043988; 0,45194277016742773
63,63431085043988; 0,45088340943683414
63,787390029325515; 0,45321400304414006
63,787390029325515; 0,45194277016742773
63,787390029325515; 0,45088340943683414
63,940469208211134; 0,45321400304414006
63,940469208211134; 0,45194277016742773
63,940469208211134; 0,45088340943683414
64,09354838709677; 0,45321400304414006
64,09354838709677; 0,45194277016742773
64,09354838709677; 0,45088340943683414
64,24662756598241; 0,45321400304414006
64,24662756598241; 0,45194277016742773
64,24662756598241; 0,45088340943683414
64,39970674486804; 0,45321400304414006
64,39970674486804; 0,45194277016742773
64,39970674486804; 0,45088340943683414
64,55278592375367; 0,45321400304414006
64,55278592375367; 0,45194277016742773
64,55278592375367; 0,45088340943683414
64,7058651026393; 0,45321400304414006
64,7058651026393; 0,45194277016742773
64,7058651026393; 0,45088340943683414
64,85894428152493; 0,45321400304414006
64,85894428152493; 0,45194277016742773
64,85894428152493; 0,45088340943683414
65,01202346041056; 0,45321400304414006
65,01202346041056; 0,45194277016742773
65,01202346041056; 0,45088340943683414
65,1651026392962; 0,45321400304414006
65,1651026392962; 0,45194277016742773
65,1651026392962; 0,45088340943683414
65,31818181818183; 0,45321400304414006
65,31818181818183; 0,45194277016742773
65,31818181818183; 0,45088340943683414
65,47126099706745; 0,45321400304414006
65,47126099706745; 0,45194277016742773
65,47126099706745; 0,45088340943683414
65,62434017595308; 0,45321400304414006
65,62434017595308; 0,45194277016742773
65,62434017595308; 0,45088340943683414
65,77741935483871; 0,45321400304414006
65,77741935483871; 0,45194277016742773
65,77741935483871; 0,45088340943683414
65,93049853372435; 0,45321400304414006
65,93049853372435; 0,45194277016742773
65,93049853372435; 0,45088340943683414
66,08357771260998; 0,45321400304414006
66,08357771260998; 0,45194277016742773
66,08357771260998; 0,45088340943683414
66,2366568914956; 0,45321400304414006
66,2366568914956; 0,45194277016742773
66,2366568914956; 0,45088340943683414
66,38973607038123; 0,45321400304414006
66,38973607038123; 0,45194277016742773
66,38973607038123; 0,45088340943683414
66,54281524926687; 0,45321400304414006
66,54281524926687; 0,45194277016742773
66,54281524926687; 0,45088340943683414
66,6958944281525; 0,45321400304414006
66,6958944281525; 0,45194277016742773
66,6958944281525; 0,45088340943683414
66,84897360703812; 0,45321400304414006
66,84897360703812; 0,45194277016742773
66,84897360703812; 0,45088340943683414
67,00205278592375; 0,45321400304414006
67,00205278592375; 0,45194277016742773
67,00205278592375; 0,45088340943683414
67,15513196480939; 0,45321400304414006
67,15513196480939; 0,45194277016742773
67,15513196480939; 0,45088340943683414
67,30821114369502; 0,45321400304414006
67,30821114369502; 0,45194277016742773
67,30821114369502; 0,45088340943683414
67,46129032258065; 0,45321400304414006
67,46129032258065; 0,45194277016742773
67,46129032258065; 0,45088340943683414
67,61436950146627; 0,45321400304414006
67,61436950146627; 0,45194277016742773
67,61436950146627; 0,45088340943683414
67,7674486803519; 0,45321400304414006
67,7674486803519; 0,45194277016742773
67,7674486803519; 0,45088340943683414
67,92052785923754; 0,45321400304414006
67,92052785923754; 0,45194277016742773
67,92052785923754; 0,45088340943683414
68,07360703812317; 0,45321400304414006
68,07360703812317; 0,45194277016742773
68,07360703812317; 0,45088340943683414
68,2266862170088; 0,45321400304414006
68,2266862170088; 0,45194277016742773
68,2266862170088; 0,45088340943683414
68,37976539589442; 0,45321400304414006
68,37976539589442; 0,45194277016742773
68,37976539589442; 0,45088340943683414
68,53284457478006; 0,45321400304414006
68,53284457478006; 0,45194277016742773
68,53284457478006; 0,45088340943683414
68,68592375366569; 0,45321400304414006
68,68592375366569; 0,45194277016742773
68,68592375366569; 0,45088340943683414
68,83900293255132; 0,45321400304414006
68,83900293255132; 0,45194277016742773
68,83900293255132; 0,45088340943683414
68,99208211143696; 0,45321400304414006
68,99208211143696; 0,45194277016742773
68,99208211143696; 0,45088340943683414
69,14516129032258; 0,45321400304414006
69,14516129032258; 0,45194277016742773
69,14516129032258; 0,45088340943683414
69,29824046920821; 0,45321400304414006
69,29824046920821; 0,45194277016742773
69,29824046920821; 0,45088340943683414
69,45131964809384; 0,45321400304414006
69,45131964809384; 0,45194277016742773
69,45131964809384; 0,45088340943683414
69,60439882697948; 0,45321400304414006
69,60439882697948; 0,45194277016742773
69,60439882697948; 0,45088340943683414
69,75747800586511; 0,45321400304414006
69,75747800586511; 0,45194277016742773
69,75747800586511; 0,45088340943683414
69,91055718475073; 0,45321400304414006
69,91055718475073; 0,45194277016742773
69,91055718475073; 0,45088340943683414
70,06363636363636; 0,45321400304414006
70,06363636363636; 0,45194277016742773
70,06363636363636; 0,45088340943683414
70,216715542522; 0,45321400304414006
70,216715542522; 0,45194277016742773
70,216715542522; 0,45088340943683414
70,36979472140763; 0,45321400304414006
70,36979472140763; 0,45194277016742773
70,36979472140763; 0,45088340943683414
70,52287390029326; 0,45321400304414006
70,52287390029326; 0,45194277016742773
70,52287390029326; 0,45088340943683414
70,67595307917888; 0,45321400304414006
70,67595307917888; 0,45194277016742773
70,67595307917888; 0,45088340943683414
70,82903225806452; 0,45321400304414006
70,82903225806452; 0,45194277016742773
70,82903225806452; 0,45088340943683414
70,98211143695015; 0,45321400304414006
70,98211143695015; 0,45194277016742773
70,98211143695015; 0,45088340943683414
71,13519061583578; 0,45321400304414006
71,13519061583578; 0,45194277016742773
71,13519061583578; 0,45088340943683414
71,28826979472142; 0,45321400304414006
71,28826979472142; 0,45194277016742773
71,28826979472142; 0,45088340943683414
71,44134897360703; 0,45321400304414006
71,44134897360703; 0,45194277016742773
71,44134897360703; 0,45088340943683414
71,59442815249267; 0,45321400304414006
71,59442815249267; 0,45194277016742773
71,59442815249267; 0,45088340943683414
71,7475073313783; 0,45321400304414006
71,7475073313783; 0,45194277016742773
71,7475073313783; 0,45088340943683414
71,90058651026393; 0,45321400304414006
71,90058651026393; 0,45194277016742773
71,90058651026393; 0,45088340943683414
72,05366568914957; 0,45321400304414006
72,05366568914957; 0,45194277016742773
72,05366568914957; 0,45088340943683414
72,20674486803519; 0,45321400304414006
72,20674486803519; 0,45194277016742773
72,20674486803519; 0,45088340943683414
72,35982404692082; 0,45321400304414006
72,35982404692082; 0,45194277016742773
72,35982404692082; 0,45088340943683414
72,51290322580645; 0,45321400304414006
72,51290322580645; 0,45194277016742773
72,51290322580645; 0,45088340943683414
72,66598240469209; 0,45321400304414006
72,66598240469209; 0,45194277016742773
72,66598240469209; 0,45088340943683414
72,81906158357772; 0,45321400304414006
72,81906158357772; 0,45194277016742773
72,81906158357772; 0,45088340943683414
72,97214076246334; 0,45321400304414006
72,97214076246334; 0,45194277016742773
72,97214076246334; 0,45088340943683414
73,12521994134897; 0,45321400304414006
73,12521994134897; 0,45194277016742773
73,12521994134897; 0,45088340943683414
73,2782991202346; 0,45321400304414006
73,2782991202346; 0,45194277016742773
73,2782991202346; 0,45088340943683414
73,43137829912024; 0,45321400304414006
73,43137829912024; 0,45194277016742773
73,43137829912024; 0,45088340943683414
73,58445747800587; 0,45321400304414006
73,58445747800587; 0,45194277016742773
73,58445747800587; 0,45088340943683414
73,73753665689149; 0,45321400304414006
73,73753665689149; 0,45194277016742773
73,73753665689149; 0,45088340943683414
73,89061583577713; 0,45321400304414006
73,89061583577713; 0,45194277016742773
73,89061583577713; 0,45088340943683414
74,04369501466276; 0,45321400304414006
74,04369501466276; 0,45194277016742773
74,04369501466276; 0,45088340943683414
74,19677419354839; 0,45321400304414006
74,19677419354839; 0,45194277016742773
74,19677419354839; 0,45088340943683414
74,34985337243403; 0,45321400304414006
74,34985337243403; 0,45194277016742773
74,34985337243403; 0,45088340943683414
74,50293255131965; 0,45321400304414006
74,50293255131965; 0,45194277016742773
74,50293255131965; 0,45088340943683414
74,65601173020528; 0,45321400304414006
74,65601173020528; 0,45194277016742773
74,65601173020528; 0,45088340943683414
74,80909090909091; 0,45321400304414006
74,80909090909091; 0,45194277016742773
74,80909090909091; 0,45088340943683414
74,96217008797655; 0,45321400304414006
74,96217008797655; 0,45194277016742773
74,96217008797655; 0,45088340943683414
75,11524926686218; 0,45321400304414006
75,11524926686218; 0,45194277016742773
75,11524926686218; 0,45088340943683414
75,2683284457478; 0,45321400304414006
75,2683284457478; 0,45194277016742773
75,2683284457478; 0,45088340943683414
75,42140762463343; 0,45321400304414006
75,42140762463343; 0,45194277016742773
75,42140762463343; 0,45088340943683414
75,57448680351906; 0,45321400304414006
75,57448680351906; 0,45194277016742773
75,57448680351906; 0,45088340943683414
75,7275659824047; 0,45321400304414006
75,7275659824047; 0,45194277016742773
75,7275659824047; 0,45088340943683414
75,88064516129033; 0,45321400304414006
75,88064516129033; 0,45194277016742773
75,88064516129033; 0,45088340943683414
76,03372434017595; 0,45321400304414006
76,03372434017595; 0,45194277016742773
76,03372434017595; 0,45088340943683414
76,18680351906158; 0,45321400304414006
76,18680351906158; 0,45194277016742773
76,18680351906158; 0,45088340943683414
76,33988269794722; 0,45321400304414006
76,33988269794722; 0,45194277016742773
76,33988269794722; 0,45088340943683414
76,49296187683285; 0,45321400304414006
76,49296187683285; 0,45194277016742773
76,49296187683285; 0,45088340943683414
76,64604105571847; 0,45321400304414006
76,64604105571847; 0,45194277016742773
76,64604105571847; 0,45088340943683414
76,7991202346041; 0,45321400304414006
76,7991202346041; 0,45194277016742773
76,7991202346041; 0,45088340943683414
76,95219941348974; 0,45321400304414006
76,95219941348974; 0,45194277016742773
76,95219941348974; 0,45088340943683414
77,10527859237537; 0,45321400304414006
77,10527859237537; 0,45194277016742773
77,10527859237537; 0,45088340943683414
77,258357771261; 0,45321400304414006
77,258357771261; 0,45194277016742773
77,258357771261; 0,45088340943683414
77,41143695014662; 0,45321400304414006
77,41143695014662; 0,45194277016742773
77,41143695014662; 0,45088340943683414
77,56451612903226; 0,45321400304414006
77,56451612903226; 0,45194277016742773
77,56451612903226; 0,45088340943683414
77,71759530791789; 0,45321400304414006
77,71759530791789; 0,45194277016742773
77,71759530791789; 0,45088340943683414
77,87067448680352; 0,45321400304414006
77,87067448680352; 0,45194277016742773
77,87067448680352; 0,45088340943683414
78,02375366568916; 0,45321400304414006
78,02375366568916; 0,45194277016742773
78,02375366568916; 0,45088340943683414
78,17683284457478; 0,45321400304414006
78,17683284457478; 0,45194277016742773
78,17683284457478; 0,45088340943683414
78,32991202346041; 0,45321400304414006
78,32991202346041; 0,45194277016742773
78,32991202346041; 0,45088340943683414
78,48299120234604; 0,45321400304414006
78,48299120234604; 0,45194277016742773
78,48299120234604; 0,45088340943683414
78,63607038123168; 0,45321400304414006
78,63607038123168; 0,45194277016742773
78,63607038123168; 0,45088340943683414
78,78914956011731; 0,45321400304414006
78,78914956011731; 0,45194277016742773
78,78914956011731; 0,45088340943683414
78,94222873900293; 0,45321400304414006
78,94222873900293; 0,45194277016742773
78,94222873900293; 0,45088340943683414
79,09530791788856; 0,45321400304414006
79,09530791788856; 0,45194277016742773
79,09530791788856; 0,45088340943683414
79,2483870967742; 0,45321400304414006
79,2483870967742; 0,45194277016742773
79,2483870967742; 0,45088340943683414
79,40146627565983; 0,45321400304414006
79,40146627565983; 0,45194277016742773
79,40146627565983; 0,45088340943683414
79,55454545454546; 0,45321400304414006
79,55454545454546; 0,45194277016742773
79,55454545454546; 0,45088340943683414
79,70762463343108; 0,45321400304414006
79,70762463343108; 0,45194277016742773
79,70762463343108; 0,45088340943683414
79,86070381231671; 0,45321400304414006
79,86070381231671; 0,45194277016742773
79,86070381231671; 0,45088340943683414
80,01378299120235; 0,45321400304414006
80,01378299120235; 0,45194277016742773
80,01378299120235; 0,4506715372907154
80,16686217008798; 0,45321400304414006
80,16686217008798; 0,45194277016742773
80,16686217008798; 0,45088340943683414
80,31994134897361; 0,45321400304414006
80,31994134897361; 0,45194277016742773
80,31994134897361; 0,45088340943683414
80,47302052785923; 0,45321400304414006
80,47302052785923; 0,45194277016742773
80,47302052785923; 0,45088340943683414
80,62609970674487; 0,45321400304414006
80,62609970674487; 0,45194277016742773
80,62609970674487; 0,45088340943683414
80,7791788856305; 0,45321400304414006
80,7791788856305; 0,45194277016742773
80,7791788856305; 0,45088340943683414
80,93225806451613; 0,45321400304414006
80,93225806451613; 0,45194277016742773
80,93225806451613; 0,45088340943683414
81,08533724340177; 0,45321400304414006
81,08533724340177; 0,45194277016742773
81,08533724340177; 0,45088340943683414
81,23841642228739; 0,45321400304414006
81,23841642228739; 0,45194277016742773
81,23841642228739; 0,45088340943683414
81,39149560117302; 0,45321400304414006
81,39149560117302; 0,45194277016742773
81,39149560117302; 0,45088340943683414
81,54457478005865; 0,45321400304414006
81,54457478005865; 0,45194277016742773
81,54457478005865; 0,45088340943683414
81,69765395894429; 0,45321400304414006
81,69765395894429; 0,45194277016742773
81,69765395894429; 0,45088340943683414
81,85073313782992; 0,45321400304414006
81,85073313782992; 0,45194277016742773
81,85073313782992; 0,45088340943683414
82,00381231671554; 0,45321400304414006
82,00381231671554; 0,45194277016742773
82,00381231671554; 0,45088340943683414
82,15689149560117; 0,45321400304414006
82,15689149560117; 0,45194277016742773
82,15689149560117; 0,45088340943683414
82,3099706744868; 0,45321400304414006
82,3099706744868; 0,45194277016742773
82,3099706744868; 0,45088340943683414
82,46304985337244; 0,45321400304414006
82,46304985337244; 0,45194277016742773
82,46304985337244; 0,45088340943683414
82,61612903225807; 0,45321400304414006
82,61612903225807; 0,45194277016742773
82,61612903225807; 0,45088340943683414
82,76920821114369; 0,45321400304414006
82,76920821114369; 0,45194277016742773
82,76920821114369; 0,45088340943683414
82,92228739002933; 0,45321400304414006
82,92228739002933; 0,45194277016742773
82,92228739002933; 0,45088340943683414
83,07536656891496; 0,45321400304414006
83,07536656891496; 0,45194277016742773
83,07536656891496; 0,45088340943683414
83,22844574780059; 0,45321400304414006
83,22844574780059; 0,45194277016742773
83,22844574780059; 0,45088340943683414
83,38152492668623; 0,45321400304414006
83,38152492668623; 0,45194277016742773
83,38152492668623; 0,45088340943683414
83,53460410557184; 0,45321400304414006
83,53460410557184; 0,45194277016742773
83,53460410557184; 0,45088340943683414
83,68768328445748; 0,45321400304414006
83,68768328445748; 0,45194277016742773
83,68768328445748; 0,45088340943683414
83,84076246334311; 0,45321400304414006
83,84076246334311; 0,45194277016742773
83,84076246334311; 0,45088340943683414
83,99384164222874; 0,45321400304414006
83,99384164222874; 0,45194277016742773
83,99384164222874; 0,45088340943683414
84,14692082111438; 0,45321400304414006
84,14692082111438; 0,45194277016742773
84,14692082111438; 0,45088340943683414
84,3; 0,45321400304414006
84,3; 0,45194277016742773
84,3; 0,45088340943683414
84,45307917888563; 0,45321400304414006
84,45307917888563; 0,45194277016742773
84,45307917888563; 0,45088340943683414
84,60615835777126; 0,45321400304414006
84,60615835777126; 0,45194277016742773
84,60615835777126; 0,45088340943683414
84,7592375366569; 0,45321400304414006
84,7592375366569; 0,45194277016742773
84,7592375366569; 0,45088340943683414
84,91231671554253; 0,45321400304414006
84,91231671554253; 0,45194277016742773
84,91231671554253; 0,45088340943683414
85,06539589442815; 0,45321400304414006
85,06539589442815; 0,45194277016742773
85,06539589442815; 0,45088340943683414
85,21847507331378; 0,45321400304414006
85,21847507331378; 0,45194277016742773
85,21847507331378; 0,45088340943683414
85,37155425219942; 0,45321400304414006
85,37155425219942; 0,45194277016742773
85,37155425219942; 0,45088340943683414
85,52463343108505; 0,45321400304414006
85,52463343108505; 0,45194277016742773
85,52463343108505; 0,45088340943683414
85,67771260997068; 0,45321400304414006
85,67771260997068; 0,45194277016742773
85,67771260997068; 0,45088340943683414
85,8307917888563; 0,45321400304414006
85,8307917888563; 0,45194277016742773
85,8307917888563; 0,45088340943683414
85,98387096774194; 0,45321400304414006
85,98387096774194; 0,45194277016742773
85,98387096774194; 0,45088340943683414
86,13695014662757; 0,45321400304414006
86,13695014662757; 0,45194277016742773
86,13695014662757; 0,45088340943683414
86,2900293255132; 0,45321400304414006
86,2900293255132; 0,45194277016742773
86,2900293255132; 0,45088340943683414
86,44310850439882; 0,45321400304414006
86,44310850439882; 0,45194277016742773
86,44310850439882; 0,45088340943683414
86,59618768328446; 0,45321400304414006
86,59618768328446; 0,45194277016742773
86,59618768328446; 0,45088340943683414
86,74926686217009; 0,45321400304414006
86,74926686217009; 0,45194277016742773
86,74926686217009; 0,45088340943683414
86,90234604105572; 0,45321400304414006
86,90234604105572; 0,45194277016742773
86,90234604105572; 0,45088340943683414
87,05542521994136; 0,45321400304414006
87,05542521994136; 0,45194277016742773
87,05542521994136; 0,45088340943683414
87,20850439882697; 0,45321400304414006
87,20850439882697; 0,45194277016742773
87,20850439882697; 0,45088340943683414
87,36158357771261; 0,45321400304414006
87,36158357771261; 0,45194277016742773
87,36158357771261; 0,45088340943683414
87,51466275659824; 0,45321400304414006
87,51466275659824; 0,45194277016742773
87,51466275659824; 0,45088340943683414
87,66774193548387; 0,45321400304414006
87,66774193548387; 0,45194277016742773
87,66774193548387; 0,45088340943683414
87,82082111436951; 0,45321400304414006
87,82082111436951; 0,45194277016742773
87,82082111436951; 0,45088340943683414
87,97390029325513; 0,45321400304414006
87,97390029325513; 0,45194277016742773
87,97390029325513; 0,45088340943683414
88,12697947214076; 0,45321400304414006
88,12697947214076; 0,45194277016742773
88,12697947214076; 0,45088340943683414
88,2800586510264; 0,45321400304414006
88,2800586510264; 0,45194277016742773
88,2800586510264; 0,45088340943683414
88,43313782991203; 0,45321400304414006
88,43313782991203; 0,45194277016742773
88,43313782991203; 0,45088340943683414
88,58621700879766; 0,45321400304414006
88,58621700879766; 0,45194277016742773
88,58621700879766; 0,45088340943683414
88,73929618768328; 0,45321400304414006
88,73929618768328; 0,45194277016742773
88,73929618768328; 0,45088340943683414
88,89237536656891; 0,45321400304414006
88,89237536656891; 0,45194277016742773
88,89237536656891; 0,45088340943683414
89,04545454545455; 0,45321400304414006
89,04545454545455; 0,45194277016742773
89,04545454545455; 0,45088340943683414
89,19853372434018; 0,45321400304414006
89,19853372434018; 0,45194277016742773
89,19853372434018; 0,45088340943683414
89,35161290322581; 0,45321400304414006
89,35161290322581; 0,45194277016742773
89,35161290322581; 0,45088340943683414
89,50469208211143; 0,45321400304414006
89,50469208211143; 0,45194277016742773
89,50469208211143; 0,45088340943683414
89,65777126099707; 0,45321400304414006
89,65777126099707; 0,45194277016742773
89,65777126099707; 0,45088340943683414
89,8108504398827; 0,45321400304414006
89,8108504398827; 0,45194277016742773
89,8108504398827; 0,45088340943683414
89,96392961876833; 0,45321400304414006
89,96392961876833; 0,45194277016742773
89,96392961876833; 0,45088340943683414
90,11700879765397; 0,45321400304414006
90,11700879765397; 0,45194277016742773
90,11700879765397; 0,45088340943683414
90,27008797653959; 0,45321400304414006
90,27008797653959; 0,45194277016742773
90,27008797653959; 0,45088340943683414
90,42316715542522; 0,45321400304414006
90,42316715542522; 0,45194277016742773
90,42316715542522; 0,45088340943683414
90,57624633431085; 0,45321400304414006
90,57624633431085; 0,45194277016742773
90,57624633431085; 0,45088340943683414
90,72932551319649; 0,45321400304414006
90,72932551319649; 0,45194277016742773
90,72932551319649; 0,45088340943683414
90,88240469208212; 0,45321400304414006
90,88240469208212; 0,45194277016742773
90,88240469208212; 0,45088340943683414
91,03548387096774; 0,45321400304414006
91,03548387096774; 0,45194277016742773
91,03548387096774; 0,45088340943683414
91,18856304985337; 0,45321400304414006
91,18856304985337; 0,45194277016742773
91,18856304985337; 0,45088340943683414
91,341642228739; 0,45321400304414006
91,341642228739; 0,45194277016742773
91,341642228739; 0,45088340943683414
91,49472140762464; 0,45321400304414006
91,49472140762464; 0,45194277016742773
91,49472140762464; 0,45088340943683414
91,64780058651027; 0,45321400304414006
91,64780058651027; 0,45194277016742773
91,64780058651027; 0,45088340943683414
91,80087976539589; 0,45321400304414006
91,80087976539589; 0,45194277016742773
91,80087976539589; 0,45088340943683414
91,95395894428152; 0,45321400304414006
91,95395894428152; 0,45194277016742773
91,95395894428152; 0,45088340943683414
92,10703812316716; 0,45321400304414006
92,10703812316716; 0,45194277016742773
92,10703812316716; 0,45088340943683414
92,26011730205279; 0,45321400304414006
92,26011730205279; 0,45194277016742773
92,26011730205279; 0,45088340943683414
92,41319648093842; 0,45321400304414006
92,41319648093842; 0,45194277016742773
92,41319648093842; 0,45088340943683414
92,56627565982404; 0,45321400304414006
92,56627565982404; 0,45194277016742773
92,56627565982404; 0,45088340943683414
92,71935483870968; 0,45321400304414006
92,71935483870968; 0,45194277016742773
92,71935483870968; 0,45088340943683414
92,87243401759531; 0,45321400304414006
92,87243401759531; 0,45194277016742773
92,87243401759531; 0,45088340943683414
93,02551319648094; 0,45321400304414006
93,02551319648094; 0,45194277016742773
93,02551319648094; 0,45088340943683414
93,17859237536658; 0,45321400304414006
93,17859237536658; 0,45194277016742773
93,17859237536658; 0,45088340943683414
93,3316715542522; 0,45321400304414006
93,3316715542522; 0,45194277016742773
93,3316715542522; 0,45088340943683414
93,48475073313783; 0,45321400304414006
93,48475073313783; 0,45194277016742773
93,48475073313783; 0,45088340943683414
93,63782991202346; 0,45321400304414006
93,63782991202346; 0,45194277016742773
93,63782991202346; 0,45088340943683414
93,7909090909091; 0,45321400304414006
93,7909090909091; 0,45194277016742773
93,7909090909091; 0,45088340943683414
93,94398826979473; 0,45321400304414006
93,94398826979473; 0,45194277016742773
93,94398826979473; 0,45088340943683414
94,09706744868035; 0,45321400304414006
94,09706744868035; 0,45194277016742773
94,09706744868035; 0,45088340943683414
94,25014662756598; 0,45321400304414006
94,25014662756598; 0,45194277016742773
94,25014662756598; 0,45088340943683414
94,40322580645162; 0,45321400304414006
94,40322580645162; 0,45194277016742773
94,40322580645162; 0,45088340943683414
94,55630498533725; 0,45321400304414006
94,55630498533725; 0,45194277016742773
94,55630498533725; 0,45088340943683414
94,70938416422288; 0,45321400304414006
94,70938416422288; 0,45194277016742773
94,70938416422288; 0,45088340943683414
94,8624633431085; 0,45321400304414006
94,8624633431085; 0,45194277016742773
94,8624633431085; 0,45088340943683414
95,01554252199413; 0,45321400304414006
95,01554252199413; 0,45194277016742773
95,01554252199413; 0,45088340943683414
95,16862170087977; 0,45321400304414006
95,16862170087977; 0,45194277016742773
95,16862170087977; 0,45088340943683414
95,3217008797654; 0,45321400304414006
95,3217008797654; 0,45194277016742773
95,3217008797654; 0,45088340943683414
95,47478005865104; 0,45321400304414006
95,47478005865104; 0,45194277016742773
95,47478005865104; 0,45088340943683414
95,62785923753665; 0,45321400304414006
95,62785923753665; 0,45194277016742773
95,62785923753665; 0,45088340943683414
95,78093841642229; 0,45321400304414006
95,78093841642229; 0,45194277016742773
95,78093841642229; 0,45088340943683414
95,93401759530792; 0,45321400304414006
95,93401759530792; 0,45194277016742773
95,93401759530792; 0,45088340943683414
96,08709677419355; 0,45321400304414006
96,08709677419355; 0,45194277016742773
96,08709677419355; 0,45088340943683414
96,24017595307917; 0,45321400304414006
96,24017595307917; 0,45194277016742773
96,24017595307917; 0,45088340943683414
96,3932551319648; 0,45321400304414006
96,3932551319648; 0,45194277016742773
96,3932551319648; 0,45088340943683414
96,54633431085044; 0,45321400304414006
96,54633431085044; 0,45194277016742773
96,54633431085044; 0,45088340943683414
96,69941348973607; 0,45321400304414006
96,69941348973607; 0,45194277016742773
96,69941348973607; 0,45088340943683414
96,85249266862171; 0,45321400304414006
96,85249266862171; 0,45194277016742773
96,85249266862171; 0,45088340943683414
97,00557184750733; 0,45321400304414006
97,00557184750733; 0,45194277016742773
97,00557184750733; 0,45088340943683414
97,15865102639296; 0,45321400304414006
97,15865102639296; 0,45194277016742773
97,15865102639296; 0,45088340943683414
97,3117302052786; 0,45321400304414006
97,3117302052786; 0,45194277016742773
97,3117302052786; 0,45088340943683414
97,46480938416423; 0,45321400304414006
97,46480938416423; 0,45194277016742773
97,46480938416423; 0,45088340943683414
97,61788856304986; 0,45321400304414006
97,61788856304986; 0,45194277016742773
97,61788856304986; 0,45088340943683414
97,77096774193548; 0,45321400304414006
97,77096774193548; 0,45194277016742773
97,77096774193548; 0,45088340943683414
97,92404692082111; 0,45321400304414006
97,92404692082111; 0,45194277016742773
97,92404692082111; 0,45088340943683414
98,07712609970675; 0,45321400304414006
98,07712609970675; 0,45194277016742773
98,07712609970675; 0,45088340943683414
98,23020527859238; 0,45321400304414006
98,23020527859238; 0,45194277016742773
98,23020527859238; 0,45088340943683414
98,38328445747801; 0,45321400304414006
98,38328445747801; 0,45194277016742773
98,38328445747801; 0,45088340943683414
98,53636363636363; 0,45321400304414006
98,53636363636363; 0,45194277016742773
98,53636363636363; 0,45088340943683414
98,68944281524927; 0,45321400304414006
98,68944281524927; 0,45194277016742773
98,68944281524927; 0,45088340943683414
98,8425219941349; 0,45321400304414006
98,8425219941349; 0,45194277016742773
98,8425219941349; 0,45088340943683414
98,99560117302053; 0,45321400304414006
98,99560117302053; 0,45194277016742773
98,99560117302053; 0,45088340943683414
99,14868035190617; 0,45321400304414006
99,14868035190617; 0,45194277016742773
99,14868035190617; 0,45088340943683414
99,30175953079178; 0,45321400304414006
99,30175953079178; 0,45194277016742773
99,30175953079178; 0,45088340943683414
99,45483870967742; 0,45321400304414006
99,45483870967742; 0,45194277016742773
99,45483870967742; 0,45088340943683414
99,60791788856305; 0,45321400304414006
99,60791788856305; 0,45194277016742773
99,60791788856305; 0,45088340943683414
99,76099706744868; 0,45321400304414006
99,76099706744868; 0,45194277016742773
99,76099706744868; 0,45088340943683414
99,91407624633432; 0,45321400304414006
99,91407624633432; 0,45194277016742773
99,91407624633432; 0,4508127853881279
100,06715542521994; 0,45321400304414006
100,06715542521994; 0,45194277016742773
100,06715542521994; 0,45074216133942163
100,1692082111437; 0,45321400304414006
100,1692082111437; 0,45194277016742773
100,1692082111437; 0,45088340943683414
