-0,23797653958944487; 0,005263318112633253
-0,08744868035190834; 0,006587519025875288
-0,11041055718475334; 0,004786605783866138
0,004398826979469916; 0,003886149162861563
0,06563049853372149; 0,008282496194825018
0,055425219941346526; 0,006587519025875288
0,055425219941346526; 0,005316286149162908
0,15747800586510152; 0,0048925418569254475
0,20850439882697813; 0,009447792998477977
0,20850439882697813; 0,008000000000000007
0,20850439882697813; 0,006728767123287738
0,20850439882697813; 0,005845966514459788
0,3207624633431063; 0,010824961948249667
0,37178885630498293; 0,008706240487062478
0,3488269794721397; 0,007117199391172058
0,4636363636363612; 0,012202130898021357
0,4636363636363612; 0,010683713850837218
0,5146627565982378; 0,009129984779299938
0,5758944281524894; 0,013367427701674317
0,6269208211143678; 0,011248706240487127
0,6422287390029311; 0,009765601217656128
0,718768328445746; 0,014744596651446007
0,718768328445746; 0,013226179604261867
0,7697947214076226; 0,011672450532724588
0,831026392961876; 0,015909893455098967
0,8820527859237526; 0,013791171993911777
0,8718475073313758; 0,012096194824962048
0,9739002932551291; 0,017075190258751927
0,9739002932551291; 0,015627397260274067
1,0249266862170057; 0,014108980213089928
1,086158357771259; 0,018452359208523617
1,1371847507331356; 0,016333637747336427
1,1269794721407589; 0,014921156773211708
1,2392375366568888; 0,019723592085235997
1,2290322580645157; 0,018028614916286267
1,2800586510263923; 0,016616133942161437
1,3923167155425187; 0,021418569254185726
1,3821114369501455; 0,019723592085235997
1,3821114369501455; 0,018452359208523617
1,3821114369501455; 0,017463622526636358
1,5453958944281485; 0,022689802130898107
1,5351906158357753; 0,020994824961948377
1,5351906158357753; 0,019723592085235997
1,4841642228738987; 0,018452359208523617
1,698475073313782; 0,023961035007610376
1,6882697947214051; 0,022266057838660647
1,6882697947214051; 0,020994824961948377
1,6372434017595285; 0,020147336377473457
1,841348973607035; 0,025338203957382066
1,841348973607035; 0,023819786910197926
1,8541055718475068; 0,022371993911720067
1,8158357771260984; 0,021418569254185726
1,953607038123165; 0,026503500761035137
2,0046334310850416; 0,024384779299847836
1,9434017595307882; 0,023113546423135567
2,1066862170087948; 0,027774733637747406
2,0964809384164216; 0,026079756468797677
2,147507331378298; 0,024808523592085296
2,2597653958944246; 0,029045966514459787
2,2495601173020514; 0,027350989345509946
2,2495601173020514; 0,026079756468797677
2,4128445747800544; 0,030317199391172056
2,4026392961876812; 0,028622222222222327
2,4026392961876812; 0,027350989345509946
2,3516129032258046; 0,026503500761035137
2,565923753665688; 0,031588432267884436
2,555718475073311; 0,029893455098934596
2,555718475073311; 0,028622222222222327
2,5046920821114345; 0,027774733637747406
2,7190029325513176; 0,032859665144596706
2,708797653958941; 0,031164687975646976
2,708797653958941; 0,029964079147640876
2,6577712609970643; 0,029045966514459787
2,8720821114369475; 0,034130898021309086
2,8618768328445743; 0,032435920852359246
2,8618768328445743; 0,031305936073059426
2,8108504398826977; 0,030529071537290786
3,0251612903225773; 0,035402130898021356
3,014956011730204; 0,033707153729071626
3,014956011730204; 0,032577168949771695
2,9639296187683275; 0,03180030441400317
3,178240469208207; 0,036673363774733736
3,168035190615834; 0,034978386605783895
3,168035190615834; 0,033848401826484076
3,1170087976539573; 0,033071537290715436
3,3313196480938405; 0,037944596651446005
3,3211143695014638; 0,036249619482496276
3,3211143695014638; 0,035049010654490176
3,270087976539587; 0,034342770167427816
3,4843988269794703; 0,039215829528158386
3,4741935483870936; 0,037520852359208545
3,4741935483870936; 0,036249619482496276
3,423167155425217; 0,035402130898021356
3,6374780058651; 0,04031756468797565
3,627272727272727; 0,038650837138508476
3,627272727272727; 0,037450228310502376
3,576246334310847; 0,036673363774733736
3,79055718475073; 0,041334550989345575
3,780351906158357; 0,039639573820395846
3,780351906158357; 0,038509589041095915
3,72932551319648; 0,037732724505327275
3,94363636363636; 0,042605783866057956
3,9334310850439866; 0,040910806697108115
3,9334310850439866; 0,039780821917808296
3,88240469208211; 0,039003957382039656
4,096715542521993; 0,04370751902587522
4,0865102639296165; 0,042040791476408046
4,0865102639296165; 0,040910806697108115
4,03548387096774; 0,040275190258751925
4,249794721407623; 0,044724505327245145
4,239589442815246; 0,043029528158295305
4,239589442815246; 0,041899543378995485
4,18856304985337; 0,041122678843226845
4,402873900293253; 0,04599573820395747
4,392668621700876; 0,044300761035007685
4,392668621700876; 0,043170776255707755
4,3416422287389995; 0,042393911719939226
4,555953079178883; 0,046843226788432335
4,5457478005865095; 0,04514824961948255
4,532991202346038; 0,043929984779299935
4,7090322580645125; 0,04811445966514466
4,698826979472139; 0,046419482496194875
4,698826979472139; 0,045289497716895
4,647800586510263; 0,044512633181126415
4,862111436950142; 0,04896194824961958
4,851906158357769; 0,047266971080669795
4,839149560117301; 0,046048706240487125
5,015190615835776; 0,05006368340943684
5,004985337243399; 0,04839695585996967
5,004985337243399; 0,047337595129376075
4,953958944281522; 0,046631354642313605
5,168269794721406; 0,05108066971080677
5,158064516129029; 0,049385692541856985
5,145307917888561; 0,04811445966514466
5,3239002932551305; 0,05224596651445973
5,311143695014662; 0,05079817351598176
5,311143695014662; 0,04949162861491635
5,260117302052786; 0,04875007610350085
5,474428152492665; 0,05302989345509895
5,464222873900292; 0,05136316590563178
5,464222873900292; 0,05030380517503813
5,413196480938415; 0,049597564687975715
5,627507331378295; 0,05404687975646888
5,617302052785922; 0,052351902587519095
5,604545454545454; 0,051133637747336425
5,7805865102639284; 0,054894368340943744
5,770381231671552; 0,05319939117199396
5,757624633431083; 0,052034094368341
5,936217008797653; 0,056059665144596704
5,9234604105571815; 0,05461187214611879
5,9234604105571815; 0,053305327245053324
5,872434017595305; 0,052563774733637825
6,089296187683283; 0,056907153729071625
6,076539589442815; 0,055459360730593654
6,066334310850438; 0,05404687975646888
6,242375366568913; 0,05775464231354649
6,229618768328445; 0,05630684931506852
6,219413489736068; 0,054894368340943744
6,392903225806448; 0,05853856925418571
6,382697947214075; 0,05687184170471854
6,369941348973606; 0,055741856925418665
6,545982404692081; 0,05938605783866063
6,535777126099704; 0,057719330289193405
6,523020527859236; 0,05658934550989353
6,699061583577711; 0,0602335464231355
6,688856304985334; 0,05856681887366827
6,676099706744866; 0,057436834094368394
6,854692082111436; 0,06114459665144606
6,841935483870964; 0,05969680365296809
6,829178885630496; 0,05839025875190268
7,007771260997066; 0,061992085235920924
6,9950146627565974; 0,060544292237442954
6,982258064516126; 0,059237747336377544
7,1608504398826955; 0,06283957382039579
7,148093841642227; 0,061391780821917874
7,1378885630498505; 0,059979299847793044
7,31137829912023; 0,06336925418569261
7,301173020527857; 0,06167427701674283
7,301173020527857; 0,060685540334855514
7,464457478005864; 0,06404724505327247
7,454252199413487; 0,0623805175038053
7,42873900293255; 0,0614624048706241
7,620087976539589; 0,06495829528158303
7,607331378299117; 0,06351050228310506
7,573313782991198; 0,06223926940639274
7,773167155425218; 0,0658057838660579
7,76041055718475; 0,06435799086757993
7,747653958944278; 0,06305144596651452
7,923695014662753; 0,06616596651445972
7,91348973607038; 0,06449923896499249
7,88797653958944; 0,06358112633181134
8,079325513196478; 0,06707701674277022
8,06656891495601; 0,06562922374429225
8,04105571847507; 0,06464048706240494
8,232404692082108; 0,06792450532724514
8,21964809384164; 0,06647671232876717
8,206891495601171; 0,06517016742770176
8,382932551319646; 0,06828468797564691
8,37272727272727; 0,06661796042617973
8,347214076246333; 0,06569984779299853
8,538563049853371; 0,06919573820395747
8,525806451612903; 0,0677479452054795
8,513049853372431; 0,06644140030441409
8,689090909090906; 0,06955592085235923
8,678885630498533; 0,06788919330289206
8,653372434017593; 0,06697108066971086
8,84472140762463; 0,0704669710806698
8,831964809384163; 0,06901917808219182
8,819208211143694; 0,06771263318112641
8,995249266862169; 0,07082715372907156
8,985043988269792; 0,06916042617960438
8,959530791788856; 0,06824231354642318
9,148328445747799; 0,07125089802130902
9,138123167155422; 0,06958417047184179
9,087096774193546; 0,06887792998477937
9,303958944281524; 0,07216194824961958
9,291202346041052; 0,07071415525114161
9,265689149560115; 0,06972541856925424
9,454486803519059; 0,07252213089802134
9,444281524926685; 0,07085540334855411
9,393255131964809; 0,0701491628614917
9,607565982404688; 0,0729458751902588
9,597360703812315; 0,07127914764079157
9,546334310850439; 0,07057290715372916
9,763196480938413; 0,07385692541856931
9,750439882697945; 0,07240913242009134
9,724926686217005; 0,07142039573820402
9,916275659824043; 0,07428066971080677
9,903519061583575; 0,0728328767123288
9,878005865102638; 0,07184414003044148
10,066803519061581; 0,07464085235920853
10,056598240469205; 0,07297412480974136
10,005571847507328; 0,07226788432267889
10,219882697947211; 0,07506459665144599
10,209677419354838; 0,07339786910197882
10,158651026392961; 0,07269162861491635
10,372961876832841; 0,07548834094368345
10,362756598240468; 0,07382161339421622
10,311730205278591; 0,07332724505327254
10,515835777126098; 0,07650532724505332
10,515835777126098; 0,075234094368341
10,515835777126098; 0,07403348554033495
10,668914956011728; 0,07692907153729078
10,668914956011728; 0,07565783866057846
10,668914956011728; 0,07445722983257241
10,821994134897357; 0,07735281582952824
10,821994134897357; 0,07608158295281592
10,821994134897357; 0,07488097412480982
10,97507331378299; 0,07777656012176565
10,97507331378299; 0,07650532724505332
10,97507331378299; 0,07530471841704728
11,12815249266862; 0,07820030441400311
11,12815249266862; 0,07692907153729078
11,12815249266862; 0,07572846270928474
11,28123167155425; 0,07862404870624057
11,28123167155425; 0,07735281582952824
11,28123167155425; 0,0761522070015222
11,43431085043988; 0,07904779299847803
11,43431085043988; 0,07777656012176565
11,43431085043988; 0,0765759512937596
11,58739002932551; 0,07947153729071543
11,58739002932551; 0,07820030441400311
11,58739002932551; 0,07699969558599706
11,75067448680352; 0,07930203957382043
11,74046920821114; 0,0776353120243532
11,689442815249263; 0,07714094368340951
11,90375366568915; 0,07972578386605789
11,893548387096773; 0,07805905631659066
11,842521994134897; 0,07756468797564697
12,059384164222871; 0,08021308980213099
12,046627565982403; 0,07876529680365302
12,021114369501463; 0,07798843226788438
12,199706744868033; 0,08074277016742776
12,199706744868033; 0,07947153729071543
12,199706744868033; 0,07834155251141556
12,352785923753663; 0,08116651445966522
12,352785923753663; 0,07989528158295289
12,352785923753663; 0,07869467275494685
12,516070381231673; 0,08099701674277021
12,505865102639293; 0,07933028919330298
12,454838709677416; 0,0788359208523593
12,671700879765394; 0,08148432267884331
12,658944281524926; 0,08003652968036534
12,633431085043986; 0,0792596651445967
12,812023460410556; 0,08201400304414008
12,812023460410556; 0,08074277016742776
12,812023460410556; 0,07961278538812788
12,965102639296186; 0,08243774733637754
12,965102639296186; 0,08116651445966522
12,965102639296186; 0,07996590563165917
13,130938416422284; 0,08233181126331818
13,118181818181816; 0,08088401826484021
13,092668621700879; 0,08010715372907162
13,271260997067445; 0,082861491628615
13,271260997067445; 0,08159025875190268
13,271260997067445; 0,0804602739726028
13,434545454545455; 0,08269199391172
13,424340175953079; 0,08109589041095894
13,373313782991199; 0,08053089802130903
13,577419354838709; 0,08328523592085241
13,577419354838709; 0,08201400304414008
13,577419354838709; 0,08095464231354649
13,730498533724338; 0,08370898021308987
13,730498533724338; 0,08243774733637754
13,730498533724338; 0,08130776255707767
13,896334310850436; 0,0836030441400305
13,883577712609968; 0,08215525114155253
13,858064516129032; 0,08137838660578395
14,036656891495598; 0,08413272450532733
14,036656891495598; 0,082861491628615
14,036656891495598; 0,08173150684931513
14,2024926686217; 0,08402678843226796
14,189736070381228; 0,08257899543378999
14,164222873900291; 0,08180213089802135
14,342815249266861; 0,08455646879756473
14,342815249266861; 0,08328523592085241
14,342815249266861; 0,08215525114155253
14,50865102639296; 0,08445053272450542
14,495894428152491; 0,08300273972602745
14,470381231671551; 0,08222587519025881
14,648973607038121; 0,08498021308980219
14,648973607038121; 0,08370898021308987
14,648973607038121; 0,08257899543378999
14,814809384164219; 0,08487427701674283
14,80205278592375; 0,08342648401826486
14,776539589442814; 0,08264961948249627
14,95513196480938; 0,08540395738203965
14,95513196480938; 0,08413272450532733
14,95513196480938; 0,08293211567732128
15,108211143695014; 0,08540395738203965
15,108211143695014; 0,08413272450532733
15,108211143695014; 0,08307336377473373
15,27149560117302; 0,08523445966514465
15,261290322580644; 0,08356773211567742
15,210263929618767; 0,08307336377473373
15,414369501466274; 0,08582770167427711
15,414369501466274; 0,08455646879756473
15,414369501466274; 0,08349710806697114
15,567448680351903; 0,08582770167427711
15,567448680351903; 0,08455646879756473
15,567448680351903; 0,08349710806697114
15,720527859237533; 0,08625144596651452
15,720527859237533; 0,08498021308980219
15,720527859237533; 0,08377960426179615
15,873607038123167; 0,08625144596651452
15,873607038123167; 0,08498021308980219
15,873607038123167; 0,0839208523592086
16,026686217008795; 0,08625144596651452
16,026686217008795; 0,08498021308980219
16,026686217008795; 0,0839208523592086
16,179765395894428; 0,08667519025875198
16,179765395894428; 0,08540395738203965
16,179765395894428; 0,08420334855403361
16,332844574780054; 0,08667519025875198
16,332844574780054; 0,08540395738203965
16,332844574780054; 0,08434459665144606
16,485923753665688; 0,08667519025875198
16,485923753665688; 0,08540395738203965
16,485923753665688; 0,08434459665144606
16,649208211143694; 0,08650569254185697
16,639002932551314; 0,08483896499238974
16,58797653958944; 0,08434459665144606
16,792082111436947; 0,08709893455098944
16,792082111436947; 0,08582770167427711
16,792082111436947; 0,08469771689497718
16,945161290322574; 0,08709893455098944
16,945161290322574; 0,08582770167427711
16,945161290322574; 0,08476834094368346
17,098240469208207; 0,08709893455098944
17,098240469208207; 0,08582770167427711
17,098240469208207; 0,08476834094368346
17,264076246334305; 0,08699299847793007
17,25131964809384; 0,0855452054794521
17,225806451612897; 0,08476834094368346
17,404398826979467; 0,08752267884322684
17,404398826979467; 0,08625144596651452
17,404398826979467; 0,08505083713850847
17,5574780058651; 0,08752267884322684
17,5574780058651; 0,08625144596651452
17,5574780058651; 0,08519208523592092
17,710557184750726; 0,08752267884322684
17,710557184750726; 0,08625144596651452
17,710557184750726; 0,08519208523592092
17,86363636363636; 0,08752267884322684
17,86363636363636; 0,08625144596651452
17,86363636363636; 0,08519208523592092
18,016715542521993; 0,08752267884322684
18,016715542521993; 0,08625144596651452
18,016715542521993; 0,08519208523592092
18,16979472140762; 0,0879464231354643
18,16979472140762; 0,08667519025875198
18,16979472140762; 0,08540395738203965
18,322873900293253; 0,0879464231354643
18,322873900293253; 0,08667519025875198
18,322873900293253; 0,0855452054794521
18,47595307917888; 0,0879464231354643
18,47595307917888; 0,08667519025875198
18,47595307917888; 0,08561582952815838
18,629032258064512; 0,0879464231354643
18,629032258064512; 0,08667519025875198
18,629032258064512; 0,08561582952815838
18,782111436950146; 0,0879464231354643
18,782111436950146; 0,08667519025875198
18,782111436950146; 0,08561582952815838
18,935190615835772; 0,0879464231354643
18,935190615835772; 0,08667519025875198
18,935190615835772; 0,08561582952815838
19,088269794721406; 0,0879464231354643
19,088269794721406; 0,08667519025875198
19,088269794721406; 0,08561582952815838
19,251554252199412; 0,0877769254185693
19,241348973607032; 0,08611019786910207
19,19032258064516; 0,08561582952815838
19,394428152492665; 0,08837016742770176
19,394428152492665; 0,08709893455098944
19,394428152492665; 0,08582770167427711
19,5475073313783; 0,08837016742770176
19,5475073313783; 0,08709893455098944
19,5475073313783; 0,08589832572298334
19,700586510263925; 0,08837016742770176
19,700586510263925; 0,08709893455098944
19,700586510263925; 0,08603957382039579
19,853665689149558; 0,08837016742770176
19,853665689149558; 0,08709893455098944
19,853665689149558; 0,08603957382039579
20,006744868035184; 0,08837016742770176
20,006744868035184; 0,08709893455098944
20,006744868035184; 0,08596894977168956
20,159824046920818; 0,08837016742770176
20,159824046920818; 0,08709893455098944
20,159824046920818; 0,08603957382039579
20,312903225806444; 0,08837016742770176
20,312903225806444; 0,08709893455098944
20,312903225806444; 0,08603957382039579
20,465982404692078; 0,08837016742770176
20,465982404692078; 0,08709893455098944
20,465982404692078; 0,08603957382039579
20,61906158357771; 0,08837016742770176
20,61906158357771; 0,08709893455098944
20,61906158357771; 0,08603957382039579
20,772140762463337; 0,08837016742770176
20,772140762463337; 0,08709893455098944
20,772140762463337; 0,08603957382039579
20,92521994134897; 0,08837016742770176
20,92521994134897; 0,08709893455098944
20,92521994134897; 0,08603957382039579
21,078299120234597; 0,08837016742770176
21,078299120234597; 0,08709893455098944
21,078299120234597; 0,08603957382039579
21,23137829912023; 0,08837016742770176
21,23137829912023; 0,08709893455098944
21,23137829912023; 0,08603957382039579
21,384457478005864; 0,08837016742770176
21,384457478005864; 0,08709893455098944
21,384457478005864; 0,08603957382039579
21,53753665689149; 0,08837016742770176
21,53753665689149; 0,08709893455098944
21,53753665689149; 0,08603957382039579
21,690615835777123; 0,08837016742770176
21,690615835777123; 0,08709893455098944
21,690615835777123; 0,08603957382039579
21,84369501466275; 0,08837016742770176
21,84369501466275; 0,08709893455098944
21,84369501466275; 0,08603957382039579
21,996774193548383; 0,08837016742770176
21,996774193548383; 0,08709893455098944
21,996774193548383; 0,08603957382039579
22,149853372434016; 0,08837016742770176
22,149853372434016; 0,08709893455098944
22,149853372434016; 0,08603957382039579
22,302932551319643; 0,08837016742770176
22,302932551319643; 0,08709893455098944
22,302932551319643; 0,08603957382039579
22,456011730205276; 0,08837016742770176
22,456011730205276; 0,08709893455098944
22,456011730205276; 0,08603957382039579
22,609090909090902; 0,08837016742770176
22,609090909090902; 0,08709893455098944
22,609090909090902; 0,08603957382039579
22,762170087976536; 0,08837016742770176
22,762170087976536; 0,08709893455098944
22,762170087976536; 0,08603957382039579
22,91524926686217; 0,08837016742770176
22,91524926686217; 0,08709893455098944
22,91524926686217; 0,08603957382039579
23,068328445747795; 0,08837016742770176
23,068328445747795; 0,08709893455098944
23,068328445747795; 0,08603957382039579
23,22140762463343; 0,08837016742770176
23,22140762463343; 0,08709893455098944
23,22140762463343; 0,08603957382039579
23,374486803519055; 0,08837016742770176
23,374486803519055; 0,08709893455098944
23,374486803519055; 0,08603957382039579
23,52756598240469; 0,08837016742770176
23,52756598240469; 0,08709893455098944
23,52756598240469; 0,08603957382039579
23,68064516129032; 0,08837016742770176
23,68064516129032; 0,08709893455098944
23,68064516129032; 0,08603957382039579
23,833724340175948; 0,08837016742770176
23,833724340175948; 0,08709893455098944
23,833724340175948; 0,08603957382039579
23,98680351906158; 0,08837016742770176
23,98680351906158; 0,08709893455098944
23,98680351906158; 0,08603957382039579
24,139882697947208; 0,08837016742770176
24,139882697947208; 0,08709893455098944
24,139882697947208; 0,08603957382039579
24,29296187683284; 0,08837016742770176
24,29296187683284; 0,08709893455098944
24,29296187683284; 0,08603957382039579
24,446041055718474; 0,08837016742770176
24,446041055718474; 0,08709893455098944
24,446041055718474; 0,08603957382039579
24,5991202346041; 0,08837016742770176
24,5991202346041; 0,08709893455098944
24,5991202346041; 0,08603957382039579
24,752199413489734; 0,08837016742770176
24,752199413489734; 0,08709893455098944
24,752199413489734; 0,08603957382039579
24,90527859237536; 0,08837016742770176
24,90527859237536; 0,08709893455098944
24,90527859237536; 0,08603957382039579
25,058357771260994; 0,08837016742770176
25,058357771260994; 0,08709893455098944
25,058357771260994; 0,08603957382039579
25,21143695014662; 0,08837016742770176
25,21143695014662; 0,08709893455098944
25,21143695014662; 0,08603957382039579
25,364516129032253; 0,08837016742770176
25,364516129032253; 0,08709893455098944
25,364516129032253; 0,08603957382039579
25,517595307917887; 0,08837016742770176
25,517595307917887; 0,08709893455098944
25,517595307917887; 0,08603957382039579
25,670674486803513; 0,08837016742770176
25,670674486803513; 0,08709893455098944
25,670674486803513; 0,08603957382039579
25,823753665689146; 0,08837016742770176
25,823753665689146; 0,08709893455098944
25,823753665689146; 0,08603957382039579
25,976832844574773; 0,08837016742770176
25,976832844574773; 0,08709893455098944
25,976832844574773; 0,08603957382039579
26,129912023460406; 0,08837016742770176
26,129912023460406; 0,08709893455098944
26,129912023460406; 0,08603957382039579
26,28299120234604; 0,08837016742770176
26,28299120234604; 0,08709893455098944
26,28299120234604; 0,08603957382039579
26,436070381231666; 0,08837016742770176
26,436070381231666; 0,08709893455098944
26,436070381231666; 0,08582770167427711
26,5891495601173; 0,08837016742770176
26,5891495601173; 0,08709893455098944
26,5891495601173; 0,08582770167427711
26,742228739002925; 0,08837016742770176
26,742228739002925; 0,08709893455098944
26,742228739002925; 0,08582770167427711
26,89530791788856; 0,08837016742770176
26,89530791788856; 0,08709893455098944
26,89530791788856; 0,08582770167427711
27,048387096774192; 0,08822891933028931
27,048387096774192; 0,08695768645357699
27,048387096774192; 0,08575707762557083
27,20146627565982; 0,0879464231354643
27,20146627565982; 0,08667519025875198
27,20146627565982; 0,08561582952815838
27,354545454545452; 0,0879464231354643
27,354545454545452; 0,08667519025875198
27,354545454545452; 0,08561582952815838
27,507624633431078; 0,0879464231354643
27,507624633431078; 0,08667519025875198
27,507624633431078; 0,08561582952815838
27,66070381231671; 0,0879464231354643
27,66070381231671; 0,08667519025875198
27,66070381231671; 0,08561582952815838
27,813782991202345; 0,0879464231354643
27,813782991202345; 0,08667519025875198
27,813782991202345; 0,08561582952815838
27,96686217008797; 0,0879464231354643
27,96686217008797; 0,08667519025875198
27,96686217008797; 0,08561582952815838
28,119941348973605; 0,0879464231354643
28,119941348973605; 0,08667519025875198
28,119941348973605; 0,08561582952815838
28,27302052785923; 0,0879464231354643
28,27302052785923; 0,08667519025875198
28,27302052785923; 0,08561582952815838
28,426099706744864; 0,0879464231354643
28,426099706744864; 0,08667519025875198
28,426099706744864; 0,08561582952815838
28,579178885630498; 0,0879464231354643
28,579178885630498; 0,08667519025875198
28,579178885630498; 0,08561582952815838
28,732258064516124; 0,0879464231354643
28,732258064516124; 0,08667519025875198
28,732258064516124; 0,08561582952815838
28,885337243401757; 0,0879464231354643
28,885337243401757; 0,08667519025875198
28,885337243401757; 0,08561582952815838
29,038416422287384; 0,0879464231354643
29,038416422287384; 0,08667519025875198
29,038416422287384; 0,08561582952815838
29,191495601173017; 0,0879464231354643
29,191495601173017; 0,08667519025875198
29,191495601173017; 0,08561582952815838
29,34457478005865; 0,0879464231354643
29,34457478005865; 0,08667519025875198
29,34457478005865; 0,08561582952815838
29,497653958944277; 0,0879464231354643
29,497653958944277; 0,08667519025875198
29,497653958944277; 0,08561582952815838
29,65073313782991; 0,0879464231354643
29,65073313782991; 0,08667519025875198
29,65073313782991; 0,0855452054794521
29,803812316715536; 0,0879464231354643
29,803812316715536; 0,08667519025875198
29,803812316715536; 0,08540395738203965
29,95689149560117; 0,0879464231354643
29,95689149560117; 0,08667519025875198
29,95689149560117; 0,08540395738203965
30,109970674486796; 0,0879464231354643
30,109970674486796; 0,08667519025875198
30,109970674486796; 0,08540395738203965
30,26304985337243; 0,0879464231354643
30,26304985337243; 0,08667519025875198
30,26304985337243; 0,08540395738203965
30,416129032258063; 0,08780517503805185
30,416129032258063; 0,08653394216133953
30,416129032258063; 0,08533333333333337
30,56920821114369; 0,08752267884322684
30,56920821114369; 0,08625144596651452
30,56920821114369; 0,08519208523592092
30,722287390029322; 0,08752267884322684
30,722287390029322; 0,08625144596651452
30,722287390029322; 0,08519208523592092
30,87536656891495; 0,08752267884322684
30,87536656891495; 0,08625144596651452
30,87536656891495; 0,08519208523592092
31,028445747800582; 0,08752267884322684
31,028445747800582; 0,08625144596651452
31,028445747800582; 0,08519208523592092
31,181524926686215; 0,08752267884322684
31,181524926686215; 0,08625144596651452
31,181524926686215; 0,08519208523592092
31,33460410557184; 0,08752267884322684
31,33460410557184; 0,08625144596651452
31,33460410557184; 0,08519208523592092
31,487683284457475; 0,08752267884322684
31,487683284457475; 0,08625144596651452
31,487683284457475; 0,08519208523592092
31,6407624633431; 0,08752267884322684
31,6407624633431; 0,08625144596651452
31,6407624633431; 0,08519208523592092
31,793841642228735; 0,08752267884322684
31,793841642228735; 0,08625144596651452
31,793841642228735; 0,08519208523592092
31,946920821114368; 0,08752267884322684
31,946920821114368; 0,08625144596651452
31,946920821114368; 0,08519208523592092
32,099999999999994; 0,08752267884322684
32,099999999999994; 0,08625144596651452
32,099999999999994; 0,08519208523592092
32,25307917888563; 0,08752267884322684
32,25307917888563; 0,08625144596651452
32,25307917888563; 0,08519208523592092
32,406158357771254; 0,08752267884322684
32,406158357771254; 0,08625144596651452
32,406158357771254; 0,08519208523592092
32,55923753665689; 0,08752267884322684
32,55923753665689; 0,08625144596651452
32,55923753665689; 0,08519208523592092
32,71231671554252; 0,08752267884322684
32,71231671554252; 0,08625144596651452
32,71231671554252; 0,08519208523592092
32,86539589442815; 0,08752267884322684
32,86539589442815; 0,08625144596651452
32,86539589442815; 0,08519208523592092
33,01847507331378; 0,08752267884322684
33,01847507331378; 0,08625144596651452
33,01847507331378; 0,08519208523592092
33,17155425219941; 0,08752267884322684
33,17155425219941; 0,08625144596651452
33,17155425219941; 0,08512146118721464
33,32463343108504; 0,08752267884322684
33,32463343108504; 0,08625144596651452
33,32463343108504; 0,08498021308980219
33,47771260997067; 0,08752267884322684
33,47771260997067; 0,08625144596651452
33,47771260997067; 0,08498021308980219
33,6307917888563; 0,08752267884322684
33,6307917888563; 0,08625144596651452
33,6307917888563; 0,08498021308980219
33,78387096774193; 0,08752267884322684
33,78387096774193; 0,08625144596651452
33,78387096774193; 0,08498021308980219
33,93695014662756; 0,08752267884322684
33,93695014662756; 0,08625144596651452
33,93695014662756; 0,08498021308980219
34,09002932551319; 0,08752267884322684
34,09002932551319; 0,08625144596651452
34,09002932551319; 0,08498021308980219
34,243108504398826; 0,08724018264840189
34,243108504398826; 0,08596894977168956
34,243108504398826; 0,08483896499238974
34,39618768328445; 0,08709893455098944
34,39618768328445; 0,08582770167427711
34,39618768328445; 0,08476834094368346
34,549266862170086; 0,08709893455098944
34,549266862170086; 0,08582770167427711
34,549266862170086; 0,08476834094368346
34,70234604105571; 0,08709893455098944
34,70234604105571; 0,08582770167427711
34,70234604105571; 0,08476834094368346
34,855425219941345; 0,08709893455098944
34,855425219941345; 0,08582770167427711
34,855425219941345; 0,08476834094368346
35,00850439882697; 0,08709893455098944
35,00850439882697; 0,08582770167427711
35,00850439882697; 0,08476834094368346
35,161583577712605; 0,08709893455098944
35,161583577712605; 0,08582770167427711
35,161583577712605; 0,08476834094368346
35,31466275659824; 0,08709893455098944
35,31466275659824; 0,08582770167427711
35,31466275659824; 0,08476834094368346
35,467741935483865; 0,08709893455098944
35,467741935483865; 0,08582770167427711
35,467741935483865; 0,08476834094368346
35,6208211143695; 0,08709893455098944
35,6208211143695; 0,08582770167427711
35,6208211143695; 0,08476834094368346
35,773900293255124; 0,08709893455098944
35,773900293255124; 0,08582770167427711
35,773900293255124; 0,08476834094368346
35,92697947214076; 0,08709893455098944
35,92697947214076; 0,08582770167427711
35,92697947214076; 0,08476834094368346
36,08005865102639; 0,08709893455098944
36,08005865102639; 0,08582770167427711
36,08005865102639; 0,08476834094368346
36,23313782991202; 0,08709893455098944
36,23313782991202; 0,08582770167427711
36,23313782991202; 0,08476834094368346
36,38621700879765; 0,08709893455098944
36,38621700879765; 0,08582770167427711
36,38621700879765; 0,08476834094368346
36,53929618768328; 0,08709893455098944
36,53929618768328; 0,08582770167427711
36,53929618768328; 0,08476834094368346
36,69237536656891; 0,08709893455098944
36,69237536656891; 0,08582770167427711
36,69237536656891; 0,08476834094368346
36,845454545454544; 0,08709893455098944
36,845454545454544; 0,08582770167427711
36,845454545454544; 0,08476834094368346
36,99853372434017; 0,08709893455098944
36,99853372434017; 0,08582770167427711
36,99853372434017; 0,08476834094368346
37,151612903225804; 0,08709893455098944
37,151612903225804; 0,08582770167427711
37,151612903225804; 0,08476834094368346
37,30469208211143; 0,08709893455098944
37,30469208211143; 0,08582770167427711
37,30469208211143; 0,08476834094368346
37,45777126099706; 0,08709893455098944
37,45777126099706; 0,08582770167427711
37,45777126099706; 0,08476834094368346
37,6108504398827; 0,08709893455098944
37,6108504398827; 0,08582770167427711
37,6108504398827; 0,08476834094368346
37,76392961876832; 0,08709893455098944
37,76392961876832; 0,08582770167427711
37,76392961876832; 0,08476834094368346
37,917008797653956; 0,08709893455098944
37,917008797653956; 0,08582770167427711
37,917008797653956; 0,08476834094368346
38,07008797653958; 0,08709893455098944
38,07008797653958; 0,08582770167427711
38,07008797653958; 0,08476834094368346
38,223167155425216; 0,08709893455098944
38,223167155425216; 0,08582770167427711
38,223167155425216; 0,08476834094368346
38,37624633431085; 0,08709893455098944
38,37624633431085; 0,08582770167427711
38,37624633431085; 0,08476834094368346
38,529325513196476; 0,08709893455098944
38,529325513196476; 0,08582770167427711
38,529325513196476; 0,08476834094368346
38,68240469208211; 0,08709893455098944
38,68240469208211; 0,08582770167427711
38,68240469208211; 0,08462709284627101
38,835483870967735; 0,08709893455098944
38,835483870967735; 0,08582770167427711
38,835483870967735; 0,08455646879756473
38,98856304985337; 0,08709893455098944
38,98856304985337; 0,08582770167427711
38,98856304985337; 0,08455646879756473
39,141642228739; 0,08709893455098944
39,141642228739; 0,08582770167427711
39,141642228739; 0,08455646879756473
39,29472140762463; 0,08709893455098944
39,29472140762463; 0,08582770167427711
39,29472140762463; 0,08455646879756473
39,44780058651026; 0,08709893455098944
39,44780058651026; 0,08582770167427711
39,44780058651026; 0,08455646879756473
39,60087976539589; 0,08709893455098944
39,60087976539589; 0,08582770167427711
39,60087976539589; 0,08455646879756473
39,75395894428152; 0,08709893455098944
39,75395894428152; 0,08582770167427711
39,75395894428152; 0,08455646879756473
39,90703812316715; 0,08709893455098944
39,90703812316715; 0,08582770167427711
39,90703812316715; 0,08455646879756473
40,06011730205278; 0,08709893455098944
40,06011730205278; 0,08582770167427711
40,06011730205278; 0,08455646879756473
40,213196480938414; 0,08709893455098944
40,213196480938414; 0,08582770167427711
40,213196480938414; 0,08455646879756473
40,36627565982404; 0,08709893455098944
40,36627565982404; 0,08582770167427711
40,36627565982404; 0,08455646879756473
40,519354838709674; 0,08709893455098944
40,519354838709674; 0,08582770167427711
40,519354838709674; 0,08455646879756473
40,6724340175953; 0,08709893455098944
40,6724340175953; 0,08582770167427711
40,6724340175953; 0,08455646879756473
40,825513196480934; 0,08681643835616443
40,825513196480934; 0,0855452054794521
40,825513196480934; 0,08441522070015228
40,97859237536657; 0,08667519025875198
40,97859237536657; 0,08540395738203965
40,97859237536657; 0,08434459665144606
41,13167155425219; 0,08667519025875198
41,13167155425219; 0,08540395738203965
41,13167155425219; 0,08434459665144606
41,28475073313783; 0,08667519025875198
41,28475073313783; 0,08540395738203965
41,28475073313783; 0,08434459665144606
41,43782991202345; 0,08667519025875198
41,43782991202345; 0,08540395738203965
41,43782991202345; 0,08434459665144606
41,590909090909086; 0,08667519025875198
41,590909090909086; 0,08540395738203965
41,590909090909086; 0,08434459665144606
41,74398826979472; 0,08667519025875198
41,74398826979472; 0,08540395738203965
41,74398826979472; 0,08434459665144606
41,897067448680346; 0,08667519025875198
41,897067448680346; 0,08540395738203965
41,897067448680346; 0,08434459665144606
42,05014662756598; 0,08667519025875198
42,05014662756598; 0,08540395738203965
42,05014662756598; 0,08434459665144606
42,203225806451606; 0,08667519025875198
42,203225806451606; 0,08540395738203965
42,203225806451606; 0,08434459665144606
42,35630498533724; 0,08667519025875198
42,35630498533724; 0,08540395738203965
42,35630498533724; 0,08434459665144606
42,50938416422287; 0,08667519025875198
42,50938416422287; 0,08540395738203965
42,50938416422287; 0,08434459665144606
42,6624633431085; 0,08667519025875198
42,6624633431085; 0,08540395738203965
42,6624633431085; 0,08434459665144606
42,81554252199413; 0,08667519025875198
42,81554252199413; 0,08540395738203965
42,81554252199413; 0,08434459665144606
42,96862170087976; 0,08667519025875198
42,96862170087976; 0,08540395738203965
42,96862170087976; 0,08434459665144606
43,12170087976539; 0,08667519025875198
43,12170087976539; 0,08540395738203965
43,12170087976539; 0,08434459665144606
43,274780058651025; 0,08667519025875198
43,274780058651025; 0,08540395738203965
43,274780058651025; 0,08434459665144606
43,42785923753665; 0,08667519025875198
43,42785923753665; 0,08540395738203965
43,42785923753665; 0,08434459665144606
43,580938416422285; 0,08667519025875198
43,580938416422285; 0,08540395738203965
43,580938416422285; 0,08434459665144606
43,73401759530791; 0,08667519025875198
43,73401759530791; 0,08540395738203965
43,73401759530791; 0,08434459665144606
43,887096774193544; 0,08667519025875198
43,887096774193544; 0,08540395738203965
43,887096774193544; 0,08434459665144606
44,04017595307918; 0,08667519025875198
44,04017595307918; 0,08540395738203965
44,04017595307918; 0,08434459665144606
44,193255131964804; 0,08667519025875198
44,193255131964804; 0,08540395738203965
44,193255131964804; 0,08434459665144606
44,34633431085044; 0,08667519025875198
44,34633431085044; 0,08540395738203965
44,34633431085044; 0,08434459665144606
44,499413489736064; 0,08667519025875198
44,499413489736064; 0,08540395738203965
44,499413489736064; 0,08434459665144606
44,6524926686217; 0,08667519025875198
44,6524926686217; 0,08540395738203965
44,6524926686217; 0,08434459665144606
44,80557184750732; 0,08667519025875198
44,80557184750732; 0,08540395738203965
44,80557184750732; 0,08434459665144606
44,95865102639296; 0,08667519025875198
44,95865102639296; 0,08540395738203965
44,95865102639296; 0,08434459665144606
45,11173020527859; 0,08667519025875198
45,11173020527859; 0,08540395738203965
45,11173020527859; 0,08434459665144606
45,26480938416422; 0,08667519025875198
45,26480938416422; 0,08540395738203965
45,26480938416422; 0,08434459665144606
45,41788856304985; 0,08667519025875198
45,41788856304985; 0,08540395738203965
45,41788856304985; 0,08434459665144606
45,570967741935476; 0,08667519025875198
45,570967741935476; 0,08540395738203965
45,570967741935476; 0,08434459665144606
45,72404692082111; 0,08667519025875198
45,72404692082111; 0,08540395738203965
45,72404692082111; 0,08434459665144606
45,87712609970674; 0,08667519025875198
45,87712609970674; 0,08540395738203965
45,87712609970674; 0,08434459665144606
46,03020527859237; 0,08667519025875198
46,03020527859237; 0,08540395738203965
46,03020527859237; 0,08434459665144606
46,183284457478; 0,08667519025875198
46,183284457478; 0,08540395738203965
46,183284457478; 0,08434459665144606
46,33636363636363; 0,08667519025875198
46,33636363636363; 0,08540395738203965
46,33636363636363; 0,08434459665144606
46,48944281524926; 0,08667519025875198
46,48944281524926; 0,08540395738203965
46,48944281524926; 0,08434459665144606
46,642521994134896; 0,08667519025875198
46,642521994134896; 0,08540395738203965
46,642521994134896; 0,08434459665144606
46,79560117302052; 0,08667519025875198
46,79560117302052; 0,08540395738203965
46,79560117302052; 0,08434459665144606
46,948680351906155; 0,08667519025875198
46,948680351906155; 0,08540395738203965
46,948680351906155; 0,08434459665144606
47,10175953079178; 0,08667519025875198
47,10175953079178; 0,08540395738203965
47,10175953079178; 0,08434459665144606
47,254838709677415; 0,08667519025875198
47,254838709677415; 0,08540395738203965
47,254838709677415; 0,08434459665144606
47,40791788856305; 0,08667519025875198
47,40791788856305; 0,08540395738203965
47,40791788856305; 0,08434459665144606
47,560997067448675; 0,08667519025875198
47,560997067448675; 0,08540395738203965
47,560997067448675; 0,08434459665144606
47,71407624633431; 0,08667519025875198
47,71407624633431; 0,08540395738203965
47,71407624633431; 0,08434459665144606
47,867155425219934; 0,08667519025875198
47,867155425219934; 0,08540395738203965
47,867155425219934; 0,08434459665144606
48,02023460410557; 0,08667519025875198
48,02023460410557; 0,08540395738203965
48,02023460410557; 0,08434459665144606
48,1733137829912; 0,08667519025875198
48,1733137829912; 0,08540395738203965
48,1733137829912; 0,08434459665144606
48,32639296187683; 0,08667519025875198
48,32639296187683; 0,08540395738203965
48,32639296187683; 0,08434459665144606
48,47947214076246; 0,08667519025875198
48,47947214076246; 0,08540395738203965
48,47947214076246; 0,08434459665144606
48,63255131964809; 0,08667519025875198
48,63255131964809; 0,08540395738203965
48,63255131964809; 0,08434459665144606
48,78563049853372; 0,08667519025875198
48,78563049853372; 0,08540395738203965
48,78563049853372; 0,08434459665144606
48,93870967741935; 0,08667519025875198
48,93870967741935; 0,08540395738203965
48,93870967741935; 0,08434459665144606
49,09178885630498; 0,08667519025875198
49,09178885630498; 0,08540395738203965
49,09178885630498; 0,08434459665144606
49,24486803519061; 0,08667519025875198
49,24486803519061; 0,08540395738203965
49,24486803519061; 0,08434459665144606
49,39794721407625; 0,08667519025875198
49,39794721407625; 0,08540395738203965
49,39794721407625; 0,08434459665144606
49,551026392961866; 0,08667519025875198
49,551026392961866; 0,08540395738203965
49,551026392961866; 0,08434459665144606
49,7041055718475; 0,08667519025875198
49,7041055718475; 0,08540395738203965
49,7041055718475; 0,08434459665144606
49,85718475073313; 0,08667519025875198
49,85718475073313; 0,08540395738203965
49,85718475073313; 0,08434459665144606
50,010263929618766; 0,08667519025875198
50,010263929618766; 0,08540395738203965
50,010263929618766; 0,08434459665144606
50,1633431085044; 0,08667519025875198
50,1633431085044; 0,08540395738203965
50,1633431085044; 0,08434459665144606
50,31642228739002; 0,08667519025875198
50,31642228739002; 0,08540395738203965
50,31642228739002; 0,08434459665144606
50,46950146627565; 0,08667519025875198
50,46950146627565; 0,08540395738203965
50,46950146627565; 0,08434459665144606
50,622580645161285; 0,08667519025875198
50,622580645161285; 0,08540395738203965
50,622580645161285; 0,08434459665144606
50,77565982404692; 0,08667519025875198
50,77565982404692; 0,08540395738203965
50,77565982404692; 0,08434459665144606
50,92873900293255; 0,08667519025875198
50,92873900293255; 0,08540395738203965
50,92873900293255; 0,08434459665144606
51,08181818181817; 0,08667519025875198
51,08181818181817; 0,08540395738203965
51,08181818181817; 0,08434459665144606
51,234897360703805; 0,08667519025875198
51,234897360703805; 0,08540395738203965
51,234897360703805; 0,08434459665144606
51,38797653958944; 0,08667519025875198
51,38797653958944; 0,08540395738203965
51,38797653958944; 0,08434459665144606
51,54105571847507; 0,08667519025875198
51,54105571847507; 0,08540395738203965
51,54105571847507; 0,08434459665144606
51,694134897360705; 0,08667519025875198
51,694134897360705; 0,08540395738203965
51,694134897360705; 0,08434459665144606
51,847214076246324; 0,08667519025875198
51,847214076246324; 0,08540395738203965
51,847214076246324; 0,08434459665144606
52,00029325513196; 0,08667519025875198
52,00029325513196; 0,08540395738203965
52,00029325513196; 0,08434459665144606
52,15337243401759; 0,08667519025875198
52,15337243401759; 0,08540395738203965
52,15337243401759; 0,08434459665144606
52,306451612903224; 0,08667519025875198
52,306451612903224; 0,08540395738203965
52,306451612903224; 0,08434459665144606
52,45953079178886; 0,08667519025875198
52,45953079178886; 0,08540395738203965
52,45953079178886; 0,08434459665144606
52,61260997067448; 0,08667519025875198
52,61260997067448; 0,08540395738203965
52,61260997067448; 0,08434459665144606
52,76568914956011; 0,08667519025875198
52,76568914956011; 0,08540395738203965
52,76568914956011; 0,08434459665144606
52,91876832844574; 0,08667519025875198
52,91876832844574; 0,08540395738203965
52,91876832844574; 0,08434459665144606
53,07184750733138; 0,08667519025875198
53,07184750733138; 0,08540395738203965
53,07184750733138; 0,08434459665144606
53,22492668621701; 0,08667519025875198
53,22492668621701; 0,08540395738203965
53,22492668621701; 0,08434459665144606
53,37800586510263; 0,08667519025875198
53,37800586510263; 0,08540395738203965
53,37800586510263; 0,08434459665144606
53,53108504398826; 0,08667519025875198
53,53108504398826; 0,08540395738203965
53,53108504398826; 0,08434459665144606
53,684164222873896; 0,08667519025875198
53,684164222873896; 0,08540395738203965
53,684164222873896; 0,08434459665144606
53,83724340175953; 0,08667519025875198
53,83724340175953; 0,08540395738203965
53,83724340175953; 0,08434459665144606
53,99032258064516; 0,08667519025875198
53,99032258064516; 0,08540395738203965
53,99032258064516; 0,08434459665144606
54,14340175953078; 0,08667519025875198
54,14340175953078; 0,08540395738203965
54,14340175953078; 0,08434459665144606
54,296480938416416; 0,08667519025875198
54,296480938416416; 0,08540395738203965
54,296480938416416; 0,08434459665144606
54,44956011730205; 0,08667519025875198
54,44956011730205; 0,08540395738203965
54,44956011730205; 0,08434459665144606
54,60263929618768; 0,08667519025875198
54,60263929618768; 0,08540395738203965
54,60263929618768; 0,08434459665144606
54,755718475073316; 0,08667519025875198
54,755718475073316; 0,08540395738203965
54,755718475073316; 0,08434459665144606
54,908797653958935; 0,08667519025875198
54,908797653958935; 0,08540395738203965
54,908797653958935; 0,08434459665144606
55,06187683284457; 0,08667519025875198
55,06187683284457; 0,08540395738203965
55,06187683284457; 0,08434459665144606
55,2149560117302; 0,08667519025875198
55,2149560117302; 0,08540395738203965
55,2149560117302; 0,08434459665144606
55,368035190615835; 0,08667519025875198
55,368035190615835; 0,08540395738203965
55,368035190615835; 0,08434459665144606
55,52111436950147; 0,08667519025875198
55,52111436950147; 0,08540395738203965
55,52111436950147; 0,08434459665144606
55,67419354838709; 0,08667519025875198
55,67419354838709; 0,08540395738203965
55,67419354838709; 0,08434459665144606
55,82727272727272; 0,08667519025875198
55,82727272727272; 0,08540395738203965
55,82727272727272; 0,08434459665144606
55,980351906158354; 0,08667519025875198
55,980351906158354; 0,08540395738203965
55,980351906158354; 0,08434459665144606
56,13343108504399; 0,08667519025875198
56,13343108504399; 0,08540395738203965
56,13343108504399; 0,08434459665144606
56,28651026392962; 0,08667519025875198
56,28651026392962; 0,08540395738203965
56,28651026392962; 0,08434459665144606
56,43958944281524; 0,08667519025875198
56,43958944281524; 0,08540395738203965
56,43958944281524; 0,08434459665144606
56,592668621700874; 0,08667519025875198
56,592668621700874; 0,08540395738203965
56,592668621700874; 0,08434459665144606
56,74574780058651; 0,08667519025875198
56,74574780058651; 0,08540395738203965
56,74574780058651; 0,08434459665144606
56,89882697947214; 0,08667519025875198
56,89882697947214; 0,08540395738203965
56,89882697947214; 0,08434459665144606
57,05190615835776; 0,08667519025875198
57,05190615835776; 0,08540395738203965
57,05190615835776; 0,08434459665144606
57,20498533724339; 0,08667519025875198
57,20498533724339; 0,08540395738203965
57,20498533724339; 0,08434459665144606
57,358064516129026; 0,08667519025875198
57,358064516129026; 0,08540395738203965
57,358064516129026; 0,08434459665144606
57,51114369501466; 0,08667519025875198
57,51114369501466; 0,08540395738203965
57,51114369501466; 0,08434459665144606
57,66422287390029; 0,08667519025875198
57,66422287390029; 0,08540395738203965
57,66422287390029; 0,08434459665144606
57,81730205278591; 0,08667519025875198
57,81730205278591; 0,08540395738203965
57,81730205278591; 0,08434459665144606
57,970381231671546; 0,08667519025875198
57,970381231671546; 0,08540395738203965
57,970381231671546; 0,08434459665144606
58,12346041055718; 0,08667519025875198
58,12346041055718; 0,08540395738203965
58,12346041055718; 0,08434459665144606
58,27653958944281; 0,08667519025875198
58,27653958944281; 0,08540395738203965
58,27653958944281; 0,08434459665144606
58,429618768328446; 0,08667519025875198
58,429618768328446; 0,08540395738203965
58,429618768328446; 0,08434459665144606
58,582697947214065; 0,08667519025875198
58,582697947214065; 0,08540395738203965
58,582697947214065; 0,08434459665144606
58,7357771260997; 0,08667519025875198
58,7357771260997; 0,08540395738203965
58,7357771260997; 0,08434459665144606
58,88885630498533; 0,08667519025875198
58,88885630498533; 0,08540395738203965
58,88885630498533; 0,08434459665144606
59,041935483870965; 0,08667519025875198
59,041935483870965; 0,08540395738203965
59,041935483870965; 0,08434459665144606
59,1950146627566; 0,08667519025875198
59,1950146627566; 0,08540395738203965
59,1950146627566; 0,08434459665144606
59,34809384164222; 0,08667519025875198
59,34809384164222; 0,08540395738203965
59,34809384164222; 0,08434459665144606
59,50117302052785; 0,08667519025875198
59,50117302052785; 0,08540395738203965
59,50117302052785; 0,08434459665144606
59,654252199413484; 0,08667519025875198
59,654252199413484; 0,08540395738203965
59,654252199413484; 0,08434459665144606
59,80733137829912; 0,08667519025875198
59,80733137829912; 0,08540395738203965
59,80733137829912; 0,08434459665144606
59,96041055718475; 0,08667519025875198
59,96041055718475; 0,08540395738203965
59,96041055718475; 0,08434459665144606
60,11348973607037; 0,08667519025875198
60,11348973607037; 0,08540395738203965
60,11348973607037; 0,08434459665144606
60,266568914956004; 0,08667519025875198
60,266568914956004; 0,08540395738203965
60,266568914956004; 0,08434459665144606
60,41964809384164; 0,08667519025875198
60,41964809384164; 0,08540395738203965
60,41964809384164; 0,08434459665144606
60,57272727272727; 0,08667519025875198
60,57272727272727; 0,08540395738203965
60,57272727272727; 0,08434459665144606
60,725806451612904; 0,08667519025875198
60,725806451612904; 0,08540395738203965
60,725806451612904; 0,08434459665144606
60,87888563049852; 0,08667519025875198
60,87888563049852; 0,08540395738203965
60,87888563049852; 0,08434459665144606
61,03196480938416; 0,08667519025875198
61,03196480938416; 0,08540395738203965
61,03196480938416; 0,08434459665144606
61,18504398826979; 0,08667519025875198
61,18504398826979; 0,08540395738203965
61,18504398826979; 0,08434459665144606
61,33812316715542; 0,08667519025875198
61,33812316715542; 0,08540395738203965
61,33812316715542; 0,08434459665144606
61,49120234604106; 0,08667519025875198
61,49120234604106; 0,08540395738203965
61,49120234604106; 0,08434459665144606
61,644281524926676; 0,08667519025875198
61,644281524926676; 0,08540395738203965
61,644281524926676; 0,08434459665144606
61,79736070381231; 0,08667519025875198
61,79736070381231; 0,08540395738203965
61,79736070381231; 0,08434459665144606
61,95043988269794; 0,08667519025875198
61,95043988269794; 0,08540395738203965
61,95043988269794; 0,08434459665144606
62,103519061583576; 0,08667519025875198
62,103519061583576; 0,08540395738203965
62,103519061583576; 0,08434459665144606
62,25659824046921; 0,08667519025875198
62,25659824046921; 0,08540395738203965
62,25659824046921; 0,08434459665144606
62,40967741935483; 0,08667519025875198
62,40967741935483; 0,08540395738203965
62,40967741935483; 0,08434459665144606
62,56275659824046; 0,08667519025875198
62,56275659824046; 0,08540395738203965
62,56275659824046; 0,08434459665144606
62,715835777126095; 0,08667519025875198
62,715835777126095; 0,08540395738203965
62,715835777126095; 0,08434459665144606
62,86891495601173; 0,08667519025875198
62,86891495601173; 0,08540395738203965
62,86891495601173; 0,08434459665144606
63,02199413489736; 0,08667519025875198
63,02199413489736; 0,08540395738203965
63,02199413489736; 0,08434459665144606
63,17507331378298; 0,08667519025875198
63,17507331378298; 0,08540395738203965
63,17507331378298; 0,08434459665144606
63,328152492668615; 0,08667519025875198
63,328152492668615; 0,08540395738203965
63,328152492668615; 0,08434459665144606
63,48123167155425; 0,08667519025875198
63,48123167155425; 0,08540395738203965
63,48123167155425; 0,08434459665144606
63,63431085043988; 0,08667519025875198
63,63431085043988; 0,08540395738203965
63,63431085043988; 0,08434459665144606
63,787390029325515; 0,08667519025875198
63,787390029325515; 0,08540395738203965
63,787390029325515; 0,08434459665144606
63,940469208211134; 0,08667519025875198
63,940469208211134; 0,08540395738203965
63,940469208211134; 0,08434459665144606
64,09354838709677; 0,08667519025875198
64,09354838709677; 0,08540395738203965
64,09354838709677; 0,08434459665144606
64,24662756598241; 0,08667519025875198
64,24662756598241; 0,08540395738203965
64,24662756598241; 0,08434459665144606
64,39970674486804; 0,08667519025875198
64,39970674486804; 0,08540395738203965
64,39970674486804; 0,08434459665144606
64,55278592375367; 0,08667519025875198
64,55278592375367; 0,08540395738203965
64,55278592375367; 0,08434459665144606
64,7058651026393; 0,08667519025875198
64,7058651026393; 0,08540395738203965
64,7058651026393; 0,08434459665144606
64,85894428152493; 0,08667519025875198
64,85894428152493; 0,08540395738203965
64,85894428152493; 0,08434459665144606
65,01202346041056; 0,08667519025875198
65,01202346041056; 0,08540395738203965
65,01202346041056; 0,08434459665144606
65,1651026392962; 0,08667519025875198
65,1651026392962; 0,08540395738203965
65,1651026392962; 0,08434459665144606
65,31818181818183; 0,08667519025875198
65,31818181818183; 0,08540395738203965
65,31818181818183; 0,08434459665144606
65,47126099706745; 0,08667519025875198
65,47126099706745; 0,08540395738203965
65,47126099706745; 0,08434459665144606
65,62434017595308; 0,08667519025875198
65,62434017595308; 0,08540395738203965
65,62434017595308; 0,08434459665144606
65,77741935483871; 0,08667519025875198
65,77741935483871; 0,08540395738203965
65,77741935483871; 0,08434459665144606
65,93049853372435; 0,08667519025875198
65,93049853372435; 0,08540395738203965
65,93049853372435; 0,08434459665144606
66,08357771260998; 0,08667519025875198
66,08357771260998; 0,08540395738203965
66,08357771260998; 0,08434459665144606
66,2366568914956; 0,08667519025875198
66,2366568914956; 0,08540395738203965
66,2366568914956; 0,08434459665144606
66,38973607038123; 0,08667519025875198
66,38973607038123; 0,08540395738203965
66,38973607038123; 0,08434459665144606
66,54281524926687; 0,08667519025875198
66,54281524926687; 0,08540395738203965
66,54281524926687; 0,08434459665144606
66,6958944281525; 0,08667519025875198
66,6958944281525; 0,08540395738203965
66,6958944281525; 0,08434459665144606
66,84897360703812; 0,08667519025875198
66,84897360703812; 0,08540395738203965
66,84897360703812; 0,08434459665144606
67,00205278592375; 0,08667519025875198
67,00205278592375; 0,08540395738203965
67,00205278592375; 0,08434459665144606
67,15513196480939; 0,08667519025875198
67,15513196480939; 0,08540395738203965
67,15513196480939; 0,08434459665144606
67,30821114369502; 0,08667519025875198
67,30821114369502; 0,08540395738203965
67,30821114369502; 0,08434459665144606
67,46129032258065; 0,08667519025875198
67,46129032258065; 0,08540395738203965
67,46129032258065; 0,08434459665144606
67,61436950146627; 0,08667519025875198
67,61436950146627; 0,08540395738203965
67,61436950146627; 0,08434459665144606
67,7674486803519; 0,08667519025875198
67,7674486803519; 0,08540395738203965
67,7674486803519; 0,08434459665144606
67,92052785923754; 0,08667519025875198
67,92052785923754; 0,08540395738203965
67,92052785923754; 0,08434459665144606
68,07360703812317; 0,08667519025875198
68,07360703812317; 0,08540395738203965
68,07360703812317; 0,08434459665144606
68,2266862170088; 0,08667519025875198
68,2266862170088; 0,08540395738203965
68,2266862170088; 0,08434459665144606
68,37976539589442; 0,08667519025875198
68,37976539589442; 0,08540395738203965
68,37976539589442; 0,08434459665144606
68,53284457478006; 0,08667519025875198
68,53284457478006; 0,08540395738203965
68,53284457478006; 0,08434459665144606
68,68592375366569; 0,08667519025875198
68,68592375366569; 0,08540395738203965
68,68592375366569; 0,08434459665144606
68,83900293255132; 0,08667519025875198
68,83900293255132; 0,08540395738203965
68,83900293255132; 0,08434459665144606
68,99208211143696; 0,08667519025875198
68,99208211143696; 0,08540395738203965
68,99208211143696; 0,08434459665144606
69,14516129032258; 0,08667519025875198
69,14516129032258; 0,08540395738203965
69,14516129032258; 0,08434459665144606
69,29824046920821; 0,08667519025875198
69,29824046920821; 0,08540395738203965
69,29824046920821; 0,08434459665144606
69,45131964809384; 0,08667519025875198
69,45131964809384; 0,08540395738203965
69,45131964809384; 0,08434459665144606
69,60439882697948; 0,08667519025875198
69,60439882697948; 0,08540395738203965
69,60439882697948; 0,08434459665144606
69,75747800586511; 0,08667519025875198
69,75747800586511; 0,08540395738203965
69,75747800586511; 0,08434459665144606
69,91055718475073; 0,08667519025875198
69,91055718475073; 0,08540395738203965
69,91055718475073; 0,08434459665144606
70,06363636363636; 0,08667519025875198
70,06363636363636; 0,08540395738203965
70,06363636363636; 0,08434459665144606
70,216715542522; 0,08667519025875198
70,216715542522; 0,08540395738203965
70,216715542522; 0,08434459665144606
70,36979472140763; 0,08667519025875198
70,36979472140763; 0,08540395738203965
70,36979472140763; 0,08434459665144606
70,52287390029326; 0,08667519025875198
70,52287390029326; 0,08540395738203965
70,52287390029326; 0,08434459665144606
70,67595307917888; 0,08667519025875198
70,67595307917888; 0,08540395738203965
70,67595307917888; 0,08434459665144606
70,82903225806452; 0,08667519025875198
70,82903225806452; 0,08540395738203965
70,82903225806452; 0,08434459665144606
70,98211143695015; 0,08667519025875198
70,98211143695015; 0,08540395738203965
70,98211143695015; 0,08434459665144606
71,13519061583578; 0,08667519025875198
71,13519061583578; 0,08540395738203965
71,13519061583578; 0,08434459665144606
71,28826979472142; 0,08667519025875198
71,28826979472142; 0,08540395738203965
71,28826979472142; 0,08434459665144606
71,44134897360703; 0,08667519025875198
71,44134897360703; 0,08540395738203965
71,44134897360703; 0,08434459665144606
71,59442815249267; 0,08667519025875198
71,59442815249267; 0,08540395738203965
71,59442815249267; 0,08434459665144606
71,7475073313783; 0,08667519025875198
71,7475073313783; 0,08540395738203965
71,7475073313783; 0,08434459665144606
71,90058651026393; 0,08667519025875198
71,90058651026393; 0,08540395738203965
71,90058651026393; 0,08434459665144606
72,05366568914957; 0,08667519025875198
72,05366568914957; 0,08540395738203965
72,05366568914957; 0,08434459665144606
72,20674486803519; 0,08667519025875198
72,20674486803519; 0,08540395738203965
72,20674486803519; 0,08434459665144606
72,35982404692082; 0,08667519025875198
72,35982404692082; 0,08540395738203965
72,35982404692082; 0,08434459665144606
72,51290322580645; 0,08667519025875198
72,51290322580645; 0,08540395738203965
72,51290322580645; 0,08434459665144606
72,66598240469209; 0,08667519025875198
72,66598240469209; 0,08540395738203965
72,66598240469209; 0,08434459665144606
72,81906158357772; 0,08667519025875198
72,81906158357772; 0,08540395738203965
72,81906158357772; 0,08434459665144606
72,97214076246334; 0,08667519025875198
72,97214076246334; 0,08540395738203965
72,97214076246334; 0,08434459665144606
73,12521994134897; 0,08667519025875198
73,12521994134897; 0,08540395738203965
73,12521994134897; 0,08434459665144606
73,2782991202346; 0,08667519025875198
73,2782991202346; 0,08540395738203965
73,2782991202346; 0,08434459665144606
73,43137829912024; 0,08667519025875198
73,43137829912024; 0,08540395738203965
73,43137829912024; 0,08434459665144606
73,58445747800587; 0,08667519025875198
73,58445747800587; 0,08540395738203965
73,58445747800587; 0,08434459665144606
73,73753665689149; 0,08667519025875198
73,73753665689149; 0,08540395738203965
73,73753665689149; 0,08434459665144606
73,89061583577713; 0,08667519025875198
73,89061583577713; 0,08540395738203965
73,89061583577713; 0,08434459665144606
74,04369501466276; 0,08667519025875198
74,04369501466276; 0,08540395738203965
74,04369501466276; 0,08434459665144606
74,19677419354839; 0,08667519025875198
74,19677419354839; 0,08540395738203965
74,19677419354839; 0,08434459665144606
74,34985337243403; 0,08667519025875198
74,34985337243403; 0,08540395738203965
74,34985337243403; 0,08434459665144606
74,50293255131965; 0,08667519025875198
74,50293255131965; 0,08540395738203965
74,50293255131965; 0,08434459665144606
74,65601173020528; 0,08667519025875198
74,65601173020528; 0,08540395738203965
74,65601173020528; 0,08434459665144606
74,80909090909091; 0,08667519025875198
74,80909090909091; 0,08540395738203965
74,80909090909091; 0,08434459665144606
74,96217008797655; 0,08667519025875198
74,96217008797655; 0,08540395738203965
74,96217008797655; 0,08434459665144606
75,11524926686218; 0,08667519025875198
75,11524926686218; 0,08540395738203965
75,11524926686218; 0,08434459665144606
75,2683284457478; 0,08667519025875198
75,2683284457478; 0,08540395738203965
75,2683284457478; 0,08434459665144606
75,42140762463343; 0,08667519025875198
75,42140762463343; 0,08540395738203965
75,42140762463343; 0,08434459665144606
75,57448680351906; 0,08667519025875198
75,57448680351906; 0,08540395738203965
75,57448680351906; 0,08434459665144606
75,7275659824047; 0,08667519025875198
75,7275659824047; 0,08540395738203965
75,7275659824047; 0,08434459665144606
75,88064516129033; 0,08667519025875198
75,88064516129033; 0,08540395738203965
75,88064516129033; 0,08434459665144606
76,03372434017595; 0,08667519025875198
76,03372434017595; 0,08540395738203965
76,03372434017595; 0,08434459665144606
76,18680351906158; 0,08667519025875198
76,18680351906158; 0,08540395738203965
76,18680351906158; 0,08434459665144606
76,33988269794722; 0,08667519025875198
76,33988269794722; 0,08540395738203965
76,33988269794722; 0,08434459665144606
76,49296187683285; 0,08667519025875198
76,49296187683285; 0,08540395738203965
76,49296187683285; 0,08434459665144606
76,64604105571847; 0,08667519025875198
76,64604105571847; 0,08540395738203965
76,64604105571847; 0,08434459665144606
76,7991202346041; 0,08667519025875198
76,7991202346041; 0,08540395738203965
76,7991202346041; 0,08434459665144606
76,95219941348974; 0,08667519025875198
76,95219941348974; 0,08540395738203965
76,95219941348974; 0,08434459665144606
77,10527859237537; 0,08667519025875198
77,10527859237537; 0,08540395738203965
77,10527859237537; 0,08434459665144606
77,258357771261; 0,08667519025875198
77,258357771261; 0,08540395738203965
77,258357771261; 0,08434459665144606
77,41143695014662; 0,08667519025875198
77,41143695014662; 0,08540395738203965
77,41143695014662; 0,08434459665144606
77,56451612903226; 0,08667519025875198
77,56451612903226; 0,08540395738203965
77,56451612903226; 0,08434459665144606
77,71759530791789; 0,08667519025875198
77,71759530791789; 0,08540395738203965
77,71759530791789; 0,08434459665144606
77,87067448680352; 0,08667519025875198
77,87067448680352; 0,08540395738203965
77,87067448680352; 0,08434459665144606
78,02375366568916; 0,08667519025875198
78,02375366568916; 0,08540395738203965
78,02375366568916; 0,08434459665144606
78,17683284457478; 0,08667519025875198
78,17683284457478; 0,08540395738203965
78,17683284457478; 0,08434459665144606
78,32991202346041; 0,08667519025875198
78,32991202346041; 0,08540395738203965
78,32991202346041; 0,08434459665144606
78,48299120234604; 0,08667519025875198
78,48299120234604; 0,08540395738203965
78,48299120234604; 0,08434459665144606
78,63607038123168; 0,08667519025875198
78,63607038123168; 0,08540395738203965
78,63607038123168; 0,08434459665144606
78,78914956011731; 0,08667519025875198
78,78914956011731; 0,08540395738203965
78,78914956011731; 0,08434459665144606
78,94222873900293; 0,08667519025875198
78,94222873900293; 0,08540395738203965
78,94222873900293; 0,08434459665144606
79,09530791788856; 0,08667519025875198
79,09530791788856; 0,08540395738203965
79,09530791788856; 0,08434459665144606
79,2483870967742; 0,08667519025875198
79,2483870967742; 0,08540395738203965
79,2483870967742; 0,08434459665144606
79,40146627565983; 0,08667519025875198
79,40146627565983; 0,08540395738203965
79,40146627565983; 0,08434459665144606
79,55454545454546; 0,08667519025875198
79,55454545454546; 0,08540395738203965
79,55454545454546; 0,08434459665144606
79,70762463343108; 0,08667519025875198
79,70762463343108; 0,08540395738203965
79,70762463343108; 0,08434459665144606
79,86070381231671; 0,08667519025875198
79,86070381231671; 0,08540395738203965
79,86070381231671; 0,08434459665144606
80,01378299120235; 0,08667519025875198
80,01378299120235; 0,08540395738203965
80,01378299120235; 0,08434459665144606
80,16686217008798; 0,08667519025875198
80,16686217008798; 0,08540395738203965
80,16686217008798; 0,08434459665144606
80,31994134897361; 0,08667519025875198
80,31994134897361; 0,08540395738203965
80,31994134897361; 0,08434459665144606
80,47302052785923; 0,08667519025875198
80,47302052785923; 0,08540395738203965
80,47302052785923; 0,08434459665144606
80,62609970674487; 0,08667519025875198
80,62609970674487; 0,08540395738203965
80,62609970674487; 0,08434459665144606
80,7791788856305; 0,08667519025875198
80,7791788856305; 0,08540395738203965
80,7791788856305; 0,08434459665144606
80,93225806451613; 0,08667519025875198
80,93225806451613; 0,08540395738203965
80,93225806451613; 0,08434459665144606
81,08533724340177; 0,08667519025875198
81,08533724340177; 0,08540395738203965
81,08533724340177; 0,08434459665144606
81,23841642228739; 0,08667519025875198
81,23841642228739; 0,08540395738203965
81,23841642228739; 0,08434459665144606
81,39149560117302; 0,08667519025875198
81,39149560117302; 0,08540395738203965
81,39149560117302; 0,08434459665144606
81,54457478005865; 0,08667519025875198
81,54457478005865; 0,08540395738203965
81,54457478005865; 0,08434459665144606
81,69765395894429; 0,08667519025875198
81,69765395894429; 0,08540395738203965
81,69765395894429; 0,08434459665144606
81,85073313782992; 0,08667519025875198
81,85073313782992; 0,08540395738203965
81,85073313782992; 0,08434459665144606
82,00381231671554; 0,08667519025875198
82,00381231671554; 0,08540395738203965
82,00381231671554; 0,08434459665144606
82,15689149560117; 0,08667519025875198
82,15689149560117; 0,08540395738203965
82,15689149560117; 0,08434459665144606
82,3099706744868; 0,08667519025875198
82,3099706744868; 0,08540395738203965
82,3099706744868; 0,08434459665144606
82,46304985337244; 0,08667519025875198
82,46304985337244; 0,08540395738203965
82,46304985337244; 0,08434459665144606
82,61612903225807; 0,08667519025875198
82,61612903225807; 0,08540395738203965
82,61612903225807; 0,08434459665144606
82,76920821114369; 0,08667519025875198
82,76920821114369; 0,08540395738203965
82,76920821114369; 0,08434459665144606
82,92228739002933; 0,08667519025875198
82,92228739002933; 0,08540395738203965
82,92228739002933; 0,08434459665144606
83,07536656891496; 0,08667519025875198
83,07536656891496; 0,08540395738203965
83,07536656891496; 0,08434459665144606
83,22844574780059; 0,08667519025875198
83,22844574780059; 0,08540395738203965
83,22844574780059; 0,08434459665144606
83,38152492668623; 0,08667519025875198
83,38152492668623; 0,08540395738203965
83,38152492668623; 0,08434459665144606
83,53460410557184; 0,08667519025875198
83,53460410557184; 0,08540395738203965
83,53460410557184; 0,08434459665144606
83,68768328445748; 0,08667519025875198
83,68768328445748; 0,08540395738203965
83,68768328445748; 0,08434459665144606
83,84076246334311; 0,08667519025875198
83,84076246334311; 0,08540395738203965
83,84076246334311; 0,08434459665144606
83,99384164222874; 0,08667519025875198
83,99384164222874; 0,08540395738203965
83,99384164222874; 0,08434459665144606
84,14692082111438; 0,08667519025875198
84,14692082111438; 0,08540395738203965
84,14692082111438; 0,08434459665144606
84,3; 0,08667519025875198
84,3; 0,08540395738203965
84,3; 0,08434459665144606
84,45307917888563; 0,08667519025875198
84,45307917888563; 0,08540395738203965
84,45307917888563; 0,08434459665144606
84,60615835777126; 0,08667519025875198
84,60615835777126; 0,08540395738203965
84,60615835777126; 0,08434459665144606
84,7592375366569; 0,08667519025875198
84,7592375366569; 0,08540395738203965
84,7592375366569; 0,08434459665144606
84,91231671554253; 0,08667519025875198
84,91231671554253; 0,08540395738203965
84,91231671554253; 0,08434459665144606
85,06539589442815; 0,08667519025875198
85,06539589442815; 0,08540395738203965
85,06539589442815; 0,08434459665144606
85,21847507331378; 0,08667519025875198
85,21847507331378; 0,08540395738203965
85,21847507331378; 0,08434459665144606
85,37155425219942; 0,08667519025875198
85,37155425219942; 0,08540395738203965
85,37155425219942; 0,08434459665144606
85,52463343108505; 0,08667519025875198
85,52463343108505; 0,08540395738203965
85,52463343108505; 0,08434459665144606
85,67771260997068; 0,08667519025875198
85,67771260997068; 0,08540395738203965
85,67771260997068; 0,08434459665144606
85,8307917888563; 0,08667519025875198
85,8307917888563; 0,08540395738203965
85,8307917888563; 0,08434459665144606
85,98387096774194; 0,08667519025875198
85,98387096774194; 0,08540395738203965
85,98387096774194; 0,08434459665144606
86,13695014662757; 0,08667519025875198
86,13695014662757; 0,08540395738203965
86,13695014662757; 0,08434459665144606
86,2900293255132; 0,08667519025875198
86,2900293255132; 0,08540395738203965
86,2900293255132; 0,08434459665144606
86,44310850439882; 0,08667519025875198
86,44310850439882; 0,08540395738203965
86,44310850439882; 0,08434459665144606
86,59618768328446; 0,08667519025875198
86,59618768328446; 0,08540395738203965
86,59618768328446; 0,08434459665144606
86,74926686217009; 0,08667519025875198
86,74926686217009; 0,08540395738203965
86,74926686217009; 0,08434459665144606
86,90234604105572; 0,08667519025875198
86,90234604105572; 0,08540395738203965
86,90234604105572; 0,08434459665144606
87,05542521994136; 0,08667519025875198
87,05542521994136; 0,08540395738203965
87,05542521994136; 0,08434459665144606
87,20850439882697; 0,08667519025875198
87,20850439882697; 0,08540395738203965
87,20850439882697; 0,08434459665144606
87,36158357771261; 0,08667519025875198
87,36158357771261; 0,08540395738203965
87,36158357771261; 0,08434459665144606
87,51466275659824; 0,08667519025875198
87,51466275659824; 0,08540395738203965
87,51466275659824; 0,08434459665144606
87,66774193548387; 0,08667519025875198
87,66774193548387; 0,08540395738203965
87,66774193548387; 0,08434459665144606
87,82082111436951; 0,08667519025875198
87,82082111436951; 0,08540395738203965
87,82082111436951; 0,08434459665144606
87,97390029325513; 0,08667519025875198
87,97390029325513; 0,08540395738203965
87,97390029325513; 0,08434459665144606
88,12697947214076; 0,08667519025875198
88,12697947214076; 0,08540395738203965
88,12697947214076; 0,08434459665144606
88,2800586510264; 0,08667519025875198
88,2800586510264; 0,08540395738203965
88,2800586510264; 0,08434459665144606
88,43313782991203; 0,08667519025875198
88,43313782991203; 0,08540395738203965
88,43313782991203; 0,08434459665144606
88,58621700879766; 0,08667519025875198
88,58621700879766; 0,08540395738203965
88,58621700879766; 0,08434459665144606
88,73929618768328; 0,08667519025875198
88,73929618768328; 0,08540395738203965
88,73929618768328; 0,08434459665144606
88,89237536656891; 0,08667519025875198
88,89237536656891; 0,08540395738203965
88,89237536656891; 0,08434459665144606
89,04545454545455; 0,08667519025875198
89,04545454545455; 0,08540395738203965
89,04545454545455; 0,08434459665144606
89,19853372434018; 0,08667519025875198
89,19853372434018; 0,08540395738203965
89,19853372434018; 0,08434459665144606
89,35161290322581; 0,08667519025875198
89,35161290322581; 0,08540395738203965
89,35161290322581; 0,08434459665144606
89,50469208211143; 0,08667519025875198
89,50469208211143; 0,08540395738203965
89,50469208211143; 0,08434459665144606
89,65777126099707; 0,08667519025875198
89,65777126099707; 0,08540395738203965
89,65777126099707; 0,08434459665144606
89,8108504398827; 0,08667519025875198
89,8108504398827; 0,08540395738203965
89,8108504398827; 0,08434459665144606
89,96392961876833; 0,08667519025875198
89,96392961876833; 0,08540395738203965
89,96392961876833; 0,08434459665144606
90,11700879765397; 0,08667519025875198
90,11700879765397; 0,08540395738203965
90,11700879765397; 0,08434459665144606
90,27008797653959; 0,08667519025875198
90,27008797653959; 0,08540395738203965
90,27008797653959; 0,08434459665144606
90,42316715542522; 0,08667519025875198
90,42316715542522; 0,08540395738203965
90,42316715542522; 0,08434459665144606
90,57624633431085; 0,08667519025875198
90,57624633431085; 0,08540395738203965
90,57624633431085; 0,08434459665144606
90,72932551319649; 0,08667519025875198
90,72932551319649; 0,08540395738203965
90,72932551319649; 0,08434459665144606
90,88240469208212; 0,08667519025875198
90,88240469208212; 0,08540395738203965
90,88240469208212; 0,08434459665144606
91,03548387096774; 0,08667519025875198
91,03548387096774; 0,08540395738203965
91,03548387096774; 0,08434459665144606
91,18856304985337; 0,08667519025875198
91,18856304985337; 0,08540395738203965
91,18856304985337; 0,08434459665144606
91,341642228739; 0,08667519025875198
91,341642228739; 0,08540395738203965
91,341642228739; 0,08434459665144606
91,49472140762464; 0,08667519025875198
91,49472140762464; 0,08540395738203965
91,49472140762464; 0,08434459665144606
91,64780058651027; 0,08667519025875198
91,64780058651027; 0,08540395738203965
91,64780058651027; 0,08434459665144606
91,80087976539589; 0,08667519025875198
91,80087976539589; 0,08540395738203965
91,80087976539589; 0,08434459665144606
91,95395894428152; 0,08667519025875198
91,95395894428152; 0,08540395738203965
91,95395894428152; 0,08434459665144606
92,10703812316716; 0,08667519025875198
92,10703812316716; 0,08540395738203965
92,10703812316716; 0,08434459665144606
92,26011730205279; 0,08667519025875198
92,26011730205279; 0,08540395738203965
92,26011730205279; 0,08434459665144606
92,41319648093842; 0,08667519025875198
92,41319648093842; 0,08540395738203965
92,41319648093842; 0,08434459665144606
92,56627565982404; 0,08667519025875198
92,56627565982404; 0,08540395738203965
92,56627565982404; 0,08434459665144606
92,71935483870968; 0,08667519025875198
92,71935483870968; 0,08540395738203965
92,71935483870968; 0,08434459665144606
92,87243401759531; 0,08667519025875198
92,87243401759531; 0,08540395738203965
92,87243401759531; 0,08434459665144606
93,02551319648094; 0,08667519025875198
93,02551319648094; 0,08540395738203965
93,02551319648094; 0,08434459665144606
93,17859237536658; 0,08667519025875198
93,17859237536658; 0,08540395738203965
93,17859237536658; 0,08434459665144606
93,3316715542522; 0,08667519025875198
93,3316715542522; 0,08540395738203965
93,3316715542522; 0,08434459665144606
93,48475073313783; 0,08667519025875198
93,48475073313783; 0,08540395738203965
93,48475073313783; 0,08434459665144606
93,63782991202346; 0,08667519025875198
93,63782991202346; 0,08540395738203965
93,63782991202346; 0,08434459665144606
93,7909090909091; 0,08667519025875198
93,7909090909091; 0,08540395738203965
93,7909090909091; 0,08434459665144606
93,94398826979473; 0,08667519025875198
93,94398826979473; 0,08540395738203965
93,94398826979473; 0,08434459665144606
94,09706744868035; 0,08667519025875198
94,09706744868035; 0,08540395738203965
94,09706744868035; 0,08434459665144606
94,25014662756598; 0,08667519025875198
94,25014662756598; 0,08540395738203965
94,25014662756598; 0,08434459665144606
94,40322580645162; 0,08667519025875198
94,40322580645162; 0,08540395738203965
94,40322580645162; 0,08434459665144606
94,55630498533725; 0,08667519025875198
94,55630498533725; 0,08540395738203965
94,55630498533725; 0,08434459665144606
94,70938416422288; 0,08667519025875198
94,70938416422288; 0,08540395738203965
94,70938416422288; 0,08434459665144606
94,8624633431085; 0,08667519025875198
94,8624633431085; 0,08540395738203965
94,8624633431085; 0,08434459665144606
95,01554252199413; 0,08667519025875198
95,01554252199413; 0,08540395738203965
95,01554252199413; 0,08434459665144606
95,16862170087977; 0,08667519025875198
95,16862170087977; 0,08540395738203965
95,16862170087977; 0,08434459665144606
95,3217008797654; 0,08667519025875198
95,3217008797654; 0,08540395738203965
95,3217008797654; 0,08434459665144606
95,47478005865104; 0,08667519025875198
95,47478005865104; 0,08540395738203965
95,47478005865104; 0,08434459665144606
95,62785923753665; 0,08667519025875198
95,62785923753665; 0,08540395738203965
95,62785923753665; 0,08434459665144606
95,78093841642229; 0,08667519025875198
95,78093841642229; 0,08540395738203965
95,78093841642229; 0,08434459665144606
95,93401759530792; 0,08667519025875198
95,93401759530792; 0,08540395738203965
95,93401759530792; 0,08434459665144606
96,08709677419355; 0,08667519025875198
96,08709677419355; 0,08540395738203965
96,08709677419355; 0,08434459665144606
96,24017595307917; 0,08667519025875198
96,24017595307917; 0,08540395738203965
96,24017595307917; 0,08434459665144606
96,3932551319648; 0,08667519025875198
96,3932551319648; 0,08540395738203965
96,3932551319648; 0,08434459665144606
96,54633431085044; 0,08667519025875198
96,54633431085044; 0,08540395738203965
96,54633431085044; 0,08434459665144606
96,69941348973607; 0,08667519025875198
96,69941348973607; 0,08540395738203965
96,69941348973607; 0,08434459665144606
96,85249266862171; 0,08667519025875198
96,85249266862171; 0,08540395738203965
96,85249266862171; 0,08434459665144606
97,00557184750733; 0,08667519025875198
97,00557184750733; 0,08540395738203965
97,00557184750733; 0,08434459665144606
97,15865102639296; 0,08667519025875198
97,15865102639296; 0,08540395738203965
97,15865102639296; 0,08434459665144606
97,3117302052786; 0,08667519025875198
97,3117302052786; 0,08540395738203965
97,3117302052786; 0,08434459665144606
97,46480938416423; 0,08667519025875198
97,46480938416423; 0,08540395738203965
97,46480938416423; 0,08434459665144606
97,61788856304986; 0,08667519025875198
97,61788856304986; 0,08540395738203965
97,61788856304986; 0,08434459665144606
97,77096774193548; 0,08667519025875198
97,77096774193548; 0,08540395738203965
97,77096774193548; 0,08434459665144606
97,92404692082111; 0,08667519025875198
97,92404692082111; 0,08540395738203965
97,92404692082111; 0,08434459665144606
98,07712609970675; 0,08667519025875198
98,07712609970675; 0,08540395738203965
98,07712609970675; 0,08434459665144606
98,23020527859238; 0,08667519025875198
98,23020527859238; 0,08540395738203965
98,23020527859238; 0,08434459665144606
98,38328445747801; 0,08667519025875198
98,38328445747801; 0,08540395738203965
98,38328445747801; 0,08434459665144606
98,53636363636363; 0,08667519025875198
98,53636363636363; 0,08540395738203965
98,53636363636363; 0,08434459665144606
98,68944281524927; 0,08667519025875198
98,68944281524927; 0,08540395738203965
98,68944281524927; 0,08434459665144606
98,8425219941349; 0,08667519025875198
98,8425219941349; 0,08540395738203965
98,8425219941349; 0,08434459665144606
98,99560117302053; 0,08667519025875198
98,99560117302053; 0,08540395738203965
98,99560117302053; 0,08434459665144606
99,14868035190617; 0,08667519025875198
99,14868035190617; 0,08540395738203965
99,14868035190617; 0,08434459665144606
99,30175953079178; 0,08667519025875198
99,30175953079178; 0,08540395738203965
99,30175953079178; 0,08434459665144606
99,45483870967742; 0,08667519025875198
99,45483870967742; 0,08540395738203965
99,45483870967742; 0,08434459665144606
99,60791788856305; 0,08667519025875198
99,60791788856305; 0,08540395738203965
99,60791788856305; 0,08434459665144606
99,76099706744868; 0,08667519025875198
99,76099706744868; 0,08540395738203965
99,76099706744868; 0,08434459665144606
99,91407624633432; 0,08667519025875198
99,91407624633432; 0,08540395738203965
99,91407624633432; 0,08434459665144606
100,06715542521994; 0,08667519025875198
100,06715542521994; 0,08540395738203965
100,06715542521994; 0,08434459665144606
100,1692082111437; 0,08667519025875198
100,1692082111437; 0,08540395738203965
100,1692082111437; 0,08434459665144606
